id,page_number,total_pages,count
hawaii.bikol_mintz_cent2087,284,378,17
hawaii.bikol_mintz_cent2087,336,378,19
hawaii.bikol_mintz_cent2087,101,378,23
hawaii.bikol_mintz_cent2087,111,378,16
hawaii.bikol_mintz_cent2087,133,378,2
hawaii.bikol_mintz_cent2087,98,378,21
hawaii.bikol_mintz_cent2087,103,378,21
hawaii.bikol_mintz_cent2087,214,378,23
hawaii.bikol_mintz_cent2087,90,378,26
hawaii.bikol_mintz_cent2087,326,378,19
hawaii.bikol_mintz_cent2087,79,378,20
hawaii.bikol_mintz_cent2087,270,378,21
hawaii.bikol_mintz_cent2087,184,378,17
hawaii.bikol_mintz_cent2087,62,378,22
hawaii.bikol_mintz_cent2087,4,378,25
hawaii.bikol_mintz_cent2087,149,378,23
hawaii.bikol_mintz_cent2087,40,378,21
hawaii.bikol_mintz_cent2087,212,378,25
hawaii.bikol_mintz_cent2087,195,378,21
hawaii.bikol_mintz_cent2087,93,378,18
hawaii.carolinian_jackson_caro1242,122,462,19
hawaii.carolinian_jackson_caro1242,389,462,11
hawaii.carolinian_jackson_caro1242,66,462,14
hawaii.carolinian_jackson_caro1242,175,462,11
hawaii.carolinian_jackson_caro1242,424,462,12
hawaii.carolinian_jackson_caro1242,379,462,14
hawaii.carolinian_jackson_caro1242,304,462,15
hawaii.carolinian_jackson_caro1242,108,462,18
hawaii.carolinian_jackson_caro1242,131,462,13
hawaii.carolinian_jackson_caro1242,343,462,13
hawaii.carolinian_jackson_caro1242,41,462,14
hawaii.carolinian_jackson_caro1242,115,462,12
hawaii.carolinian_jackson_caro1242,228,462,16
hawaii.carolinian_jackson_caro1242,328,462,16
hawaii.carolinian_jackson_caro1242,416,462,15
hawaii.carolinian_jackson_caro1242,298,462,17
hawaii.carolinian_jackson_caro1242,299,462,19
hawaii.carolinian_jackson_caro1242,258,462,15
hawaii.carolinian_jackson_caro1242,117,462,11
hawaii.carolinian_jackson_caro1242,79,462,3
hawaii.hiligaynon_motus_hili1240,182,285,2
hawaii.hiligaynon_motus_hili1240,184,285,13
hawaii.hiligaynon_motus_hili1240,221,285,13
hawaii.hiligaynon_motus_hili1240,224,285,15
hawaii.hiligaynon_motus_hili1240,49,285,10
hawaii.hiligaynon_motus_hili1240,136,285,12
hawaii.hiligaynon_motus_hili1240,145,285,15
hawaii.hiligaynon_motus_hili1240,123,285,9
hawaii.hiligaynon_motus_hili1240,264,285,20
hawaii.hiligaynon_motus_hili1240,234,285,16
hawaii.hiligaynon_motus_hili1240,96,285,5
hawaii.hiligaynon_motus_hili1240,22,285,14
hawaii.hiligaynon_motus_hili1240,208,285,13
hawaii.hiligaynon_motus_hili1240,131,285,10
hawaii.hiligaynon_motus_hili1240,57,285,13
hawaii.hiligaynon_motus_hili1240,10,285,13
hawaii.hiligaynon_motus_hili1240,248,285,16
hawaii.hiligaynon_motus_hili1240,153,285,12
hawaii.hiligaynon_motus_hili1240,272,285,13
hawaii.hiligaynon_motus_hili1240,83,285,9
hawaii.ilokano_constantino_ilok1237,434,474,13
hawaii.ilokano_constantino_ilok1237,245,474,16
hawaii.ilokano_constantino_ilok1237,248,474,19
hawaii.ilokano_constantino_ilok1237,218,474,16
hawaii.ilokano_constantino_ilok1237,215,474,18
hawaii.ilokano_constantino_ilok1237,326,474,23
hawaii.ilokano_constantino_ilok1237,276,474,15
hawaii.ilokano_constantino_ilok1237,169,474,23
hawaii.ilokano_constantino_ilok1237,447,474,24
hawaii.ilokano_constantino_ilok1237,71,474,14
hawaii.ilokano_constantino_ilok1237,61,474,12
hawaii.ilokano_constantino_ilok1237,352,474,20
hawaii.ilokano_constantino_ilok1237,435,474,17
hawaii.ilokano_constantino_ilok1237,469,474,20
hawaii.ilokano_constantino_ilok1237,383,474,16
hawaii.ilokano_constantino_ilok1237,155,474,16
hawaii.ilokano_constantino_ilok1237,328,474,17
hawaii.ilokano_constantino_ilok1237,304,474,19
hawaii.ilokano_constantino_ilok1237,60,474,13
hawaii.ilokano_constantino_ilok1237,449,474,24
hawaii.kapampangan_forman_pamp1243,36,239,11
hawaii.kapampangan_forman_pamp1243,119,239,14
hawaii.kapampangan_forman_pamp1243,156,239,27
hawaii.kapampangan_forman_pamp1243,19,239,12
hawaii.kapampangan_forman_pamp1243,137,239,14
hawaii.kapampangan_forman_pamp1243,126,239,14
hawaii.kapampangan_forman_pamp1243,158,239,19
hawaii.kapampangan_forman_pamp1243,63,239,15
hawaii.kapampangan_forman_pamp1243,116,239,12
hawaii.kapampangan_forman_pamp1243,145,239,10
hawaii.kapampangan_forman_pamp1243,102,239,8
hawaii.kapampangan_forman_pamp1243,214,239,18
hawaii.kapampangan_forman_pamp1243,58,239,15
hawaii.kapampangan_forman_pamp1243,134,239,17
hawaii.kapampangan_forman_pamp1243,85,239,13
hawaii.kapampangan_forman_pamp1243,225,239,10
hawaii.kapampangan_forman_pamp1243,160,239,15
hawaii.kapampangan_forman_pamp1243,77,239,10
hawaii.kapampangan_forman_pamp1243,17,239,10
hawaii.kapampangan_forman_pamp1243,194,239,14
hawaii.kapingamarangi_lieber_kapi1249,126,428,14
hawaii.kapingamarangi_lieber_kapi1249,262,428,15
hawaii.kapingamarangi_lieber_kapi1249,130,428,14
hawaii.kapingamarangi_lieber_kapi1249,181,428,14
hawaii.kapingamarangi_lieber_kapi1249,267,428,15
hawaii.kapingamarangi_lieber_kapi1249,316,428,14
hawaii.kapingamarangi_lieber_kapi1249,356,428,14
hawaii.kapingamarangi_lieber_kapi1249,163,428,14
hawaii.kapingamarangi_lieber_kapi1249,228,428,14
hawaii.kapingamarangi_lieber_kapi1249,277,428,14
hawaii.kapingamarangi_lieber_kapi1249,102,428,15
hawaii.kapingamarangi_lieber_kapi1249,134,428,14
hawaii.kapingamarangi_lieber_kapi1249,265,428,14
hawaii.kapingamarangi_lieber_kapi1249,19,428,14
hawaii.kapingamarangi_lieber_kapi1249,249,428,14
hawaii.kapingamarangi_lieber_kapi1249,22,428,15
hawaii.kapingamarangi_lieber_kapi1249,40,428,15
hawaii.kapingamarangi_lieber_kapi1249,29,428,15
hawaii.kapingamarangi_lieber_kapi1249,365,428,14
hawaii.kapingamarangi_lieber_kapi1249,185,428,15
hawaii.kusaiean_lee_kosr1238,294,386,18
hawaii.kusaiean_lee_kosr1238,88,386,19
hawaii.kusaiean_lee_kosr1238,158,386,18
hawaii.kusaiean_lee_kosr1238,363,386,17
hawaii.kusaiean_lee_kosr1238,326,386,18
hawaii.kusaiean_lee_kosr1238,375,386,17
hawaii.kusaiean_lee_kosr1238,335,386,17
hawaii.kusaiean_lee_kosr1238,86,386,1
hawaii.kusaiean_lee_kosr1238,142,386,14
hawaii.kusaiean_lee_kosr1238,147,386,18
hawaii.kusaiean_lee_kosr1238,71,386,18
hawaii.kusaiean_lee_kosr1238,188,386,18
hawaii.kusaiean_lee_kosr1238,355,386,17
hawaii.kusaiean_lee_kosr1238,26,386,19
hawaii.kusaiean_lee_kosr1238,22,386,12
hawaii.kusaiean_lee_kosr1238,215,386,18
hawaii.kusaiean_lee_kosr1238,28,386,18
hawaii.kusaiean_lee_kosr1238,354,386,19
hawaii.kusaiean_lee_kosr1238,101,386,15
hawaii.kusaiean_lee_kosr1238,296,386,18
hawaii.mokilese_harrison_moki1238,67,252,21
hawaii.mokilese_harrison_moki1238,72,252,22
hawaii.mokilese_harrison_moki1238,147,252,22
hawaii.mokilese_harrison_moki1238,189,252,22
hawaii.mokilese_harrison_moki1238,121,252,24
hawaii.mokilese_harrison_moki1238,196,252,20
hawaii.mokilese_harrison_moki1238,120,252,22
hawaii.mokilese_harrison_moki1238,84,252,21
hawaii.mokilese_harrison_moki1238,83,252,22
hawaii.mokilese_harrison_moki1238,199,252,22
hawaii.mokilese_harrison_moki1238,96,252,21
hawaii.mokilese_harrison_moki1238,17,252,19
hawaii.mokilese_harrison_moki1238,25,252,22
hawaii.mokilese_harrison_moki1238,163,252,21
hawaii.mokilese_harrison_moki1238,130,252,22
hawaii.mokilese_harrison_moki1238,101,252,21
hawaii.mokilese_harrison_moki1238,175,252,22
hawaii.mokilese_harrison_moki1238,236,252,21
hawaii.mokilese_harrison_moki1238,30,252,19
hawaii.mokilese_harrison_moki1238,10,252,22
hawaii.palauan_josephs_pala1344,534,861,19
hawaii.palauan_josephs_pala1344,441,861,14
hawaii.palauan_josephs_pala1344,561,861,16
hawaii.palauan_josephs_pala1344,345,861,17
hawaii.palauan_josephs_pala1344,592,861,9
hawaii.palauan_josephs_pala1344,585,861,15
hawaii.palauan_josephs_pala1344,660,861,15
hawaii.palauan_josephs_pala1344,12,861,18
hawaii.palauan_josephs_pala1344,293,861,22
hawaii.palauan_josephs_pala1344,849,861,19
hawaii.palauan_josephs_pala1344,707,861,18
hawaii.palauan_josephs_pala1344,303,861,21
hawaii.palauan_josephs_pala1344,598,861,15
hawaii.palauan_josephs_pala1344,678,861,21
hawaii.palauan_josephs_pala1344,338,861,12
hawaii.palauan_josephs_pala1344,350,861,14
hawaii.palauan_josephs_pala1344,147,861,21
hawaii.palauan_josephs_pala1344,658,861,18
hawaii.palauan_josephs_pala1344,107,861,17
hawaii.palauan_josephs_pala1344,752,861,19
hawaii.pangasinan_benton_pang1290,31,126,36
hawaii.pangasinan_benton_pang1290,6,126,37
hawaii.pangasinan_benton_pang1290,7,126,36
hawaii.pangasinan_benton_pang1290,72,126,35
hawaii.pangasinan_benton_pang1290,4,126,35
hawaii.pangasinan_benton_pang1290,43,126,35
hawaii.pangasinan_benton_pang1290,61,126,32
hawaii.pangasinan_benton_pang1290,15,126,28
hawaii.pangasinan_benton_pang1290,17,126,33
hawaii.pangasinan_benton_pang1290,121,126,23
hawaii.pangasinan_benton_pang1290,39,126,42
hawaii.pangasinan_benton_pang1290,42,126,39
hawaii.pangasinan_benton_pang1290,88,126,33
hawaii.pangasinan_benton_pang1290,107,126,35
hawaii.pangasinan_benton_pang1290,35,126,35
hawaii.pangasinan_benton_pang1290,58,126,37
hawaii.pangasinan_benton_pang1290,18,126,30
hawaii.pangasinan_benton_pang1290,11,126,41
hawaii.pangasinan_benton_pang1290,56,126,33
hawaii.pangasinan_benton_pang1290,97,126,19
hawaii.woleaian_sohn_wole1240,392,393,17
hawaii.woleaian_sohn_wole1240,22,393,14
hawaii.woleaian_sohn_wole1240,170,393,7
hawaii.woleaian_sohn_wole1240,357,393,11
hawaii.woleaian_sohn_wole1240,372,393,15
hawaii.woleaian_sohn_wole1240,76,393,15
hawaii.woleaian_sohn_wole1240,63,393,15
hawaii.woleaian_sohn_wole1240,391,393,18
hawaii.woleaian_sohn_wole1240,148,393,18
hawaii.woleaian_sohn_wole1240,61,393,16
hawaii.woleaian_sohn_wole1240,374,393,4
hawaii.woleaian_sohn_wole1240,70,393,15
hawaii.woleaian_sohn_wole1240,59,393,14
hawaii.woleaian_sohn_wole1240,131,393,15
hawaii.woleaian_sohn_wole1240,292,393,13
hawaii.woleaian_sohn_wole1240,203,393,16
hawaii.woleaian_sohn_wole1240,227,393,18
hawaii.woleaian_sohn_wole1240,243,393,17
hawaii.woleaian_sohn_wole1240,65,393,9
hawaii.woleaian_sohn_wole1240,30,393,15
other.beja_hudson_beja1238,61,162,26
other.beja_hudson_beja1238,10,162,27
other.beja_hudson_beja1238,149,162,6
other.beja_hudson_beja1238,141,162,18
other.beja_hudson_beja1238,29,162,29
other.beja_hudson_beja1238,95,162,13
other.beja_hudson_beja1238,33,162,35
other.beja_hudson_beja1238,161,162,17
other.beja_hudson_beja1238,104,162,9
other.beja_hudson_beja1238,66,162,25
other.beja_hudson_beja1238,88,162,12
other.beja_hudson_beja1238,102,162,17
other.beja_hudson_beja1238,89,162,16
other.beja_hudson_beja1238,53,162,13
other.beja_hudson_beja1238,142,162,27
other.beja_hudson_beja1238,38,162,18
other.beja_hudson_beja1238,60,162,27
other.beja_hudson_beja1238,105,162,17
other.beja_hudson_beja1238,116,162,7
other.beja_hudson_beja1238,15,162,29
other.daakie_krifka_port1286,254,264,8
other.daakie_krifka_port1286,213,264,12
other.daakie_krifka_port1286,178,264,10
other.daakie_krifka_port1286,107,264,8
other.daakie_krifka_port1286,115,264,9
other.daakie_krifka_port1286,165,264,8
other.daakie_krifka_port1286,194,264,8
other.daakie_krifka_port1286,230,264,7
other.daakie_krifka_port1286,258,264,11
other.daakie_krifka_port1286,133,264,7
other.daakie_krifka_port1286,126,264,9
other.daakie_krifka_port1286,87,264,8
other.daakie_krifka_port1286,109,264,9
other.daakie_krifka_port1286,122,264,9
other.daakie_krifka_port1286,180,264,11
other.daakie_krifka_port1286,259,264,10
other.daakie_krifka_port1286,201,264,10
other.daakie_krifka_port1286,55,264,10
other.daakie_krifka_port1286,155,264,10
other.daakie_krifka_port1286,166,264,8
other.dagaare_ali_sout2789,207,293,21
other.dagaare_ali_sout2789,214,293,25
other.dagaare_ali_sout2789,105,293,27
other.dagaare_ali_sout2789,75,293,24
other.dagaare_ali_sout2789,280,293,26
other.dagaare_ali_sout2789,251,293,12
other.dagaare_ali_sout2789,231,293,25
other.dagaare_ali_sout2789,52,293,21
other.dagaare_ali_sout2789,101,293,24
other.dagaare_ali_sout2789,100,293,23
other.dagaare_ali_sout2789,188,293,23
other.dagaare_ali_sout2789,141,293,13
other.dagaare_ali_sout2789,258,293,30
other.dagaare_ali_sout2789,36,293,25
other.dagaare_ali_sout2789,114,293,26
other.dagaare_ali_sout2789,276,293,26
other.dagaare_ali_sout2789,273,293,21
other.dagaare_ali_sout2789,196,293,25
other.dagaare_ali_sout2789,86,293,23
other.dagaare_ali_sout2789,138,293,24
other.dalabon_evans_ngal1292,344,390,9
other.dalabon_evans_ngal1292,211,390,6
other.dalabon_evans_ngal1292,169,390,13
other.dalabon_evans_ngal1292,155,390,5
other.dalabon_evans_ngal1292,215,390,5
other.dalabon_evans_ngal1292,79,390,11
other.dalabon_evans_ngal1292,30,390,8
other.dalabon_evans_ngal1292,339,390,11
other.dalabon_evans_ngal1292,122,390,14
other.dalabon_evans_ngal1292,202,390,11
other.dalabon_evans_ngal1292,205,390,9
other.dalabon_evans_ngal1292,326,390,12
other.dalabon_evans_ngal1292,188,390,10
other.dalabon_evans_ngal1292,342,390,11
other.dalabon_evans_ngal1292,99,390,11
other.dalabon_evans_ngal1292,371,390,4
other.dalabon_evans_ngal1292,97,390,9
other.dalabon_evans_ngal1292,49,390,9
other.dalabon_evans_ngal1292,242,390,6
other.dalabon_evans_ngal1292,175,390,10
other.djinang_waters_djin1253,47,120,34
other.djinang_waters_djin1253,85,120,28
other.djinang_waters_djin1253,4,120,34
other.djinang_waters_djin1253,60,120,25
other.djinang_waters_djin1253,14,120,33
other.djinang_waters_djin1253,91,120,36
other.djinang_waters_djin1253,46,120,33
other.djinang_waters_djin1253,17,120,36
other.djinang_waters_djin1253,42,120,34
other.djinang_waters_djin1253,48,120,38
other.djinang_waters_djin1253,55,120,44
other.djinang_waters_djin1253,115,120,32
other.djinang_waters_djin1253,74,120,36
other.djinang_waters_djin1253,113,120,29
other.djinang_waters_djin1253,116,120,25
other.djinang_waters_djin1253,102,120,31
other.djinang_waters_djin1253,86,120,34
other.djinang_waters_djin1253,15,120,25
other.djinang_waters_djin1253,39,120,34
other.djinang_waters_djin1253,53,120,31
other.easternshoshone_shaul_shos1248,101,245,17
other.easternshoshone_shaul_shos1248,155,245,19
other.easternshoshone_shaul_shos1248,53,245,26
other.easternshoshone_shaul_shos1248,166,245,25
other.easternshoshone_shaul_shos1248,141,245,15
other.easternshoshone_shaul_shos1248,203,245,24
other.easternshoshone_shaul_shos1248,61,245,23
other.easternshoshone_shaul_shos1248,54,245,12
other.easternshoshone_shaul_shos1248,52,245,27
other.easternshoshone_shaul_shos1248,72,245,18
other.easternshoshone_shaul_shos1248,179,245,22
other.easternshoshone_shaul_shos1248,114,245,21
other.easternshoshone_shaul_shos1248,16,245,23
other.easternshoshone_shaul_shos1248,76,245,20
other.easternshoshone_shaul_shos1248,87,245,22
other.easternshoshone_shaul_shos1248,224,245,21
other.easternshoshone_shaul_shos1248,79,245,22
other.easternshoshone_shaul_shos1248,164,245,22
other.easternshoshone_shaul_shos1248,13,245,18
other.easternshoshone_shaul_shos1248,125,245,20
other.fijian_gatty_fiji1243,14,328,20
other.fijian_gatty_fiji1243,41,328,22
other.fijian_gatty_fiji1243,147,328,24
other.fijian_gatty_fiji1243,64,328,25
other.fijian_gatty_fiji1243,33,328,22
other.fijian_gatty_fiji1243,260,328,29
other.fijian_gatty_fiji1243,95,328,13
other.fijian_gatty_fiji1243,10,328,30
other.fijian_gatty_fiji1243,269,328,28
other.fijian_gatty_fiji1243,219,328,27
other.fijian_gatty_fiji1243,234,328,4
other.fijian_gatty_fiji1243,243,328,19
other.fijian_gatty_fiji1243,53,328,21
other.fijian_gatty_fiji1243,319,328,28
other.fijian_gatty_fiji1243,54,328,26
other.fijian_gatty_fiji1243,123,328,24
other.fijian_gatty_fiji1243,177,328,24
other.fijian_gatty_fiji1243,270,328,31
other.fijian_gatty_fiji1243,142,328,22
other.fijian_gatty_fiji1243,274,328,26
other.gbari_blench_gbar1246,22,56,39
other.gbari_blench_gbar1246,40,56,34
other.gbari_blench_gbar1246,13,56,32
other.gbari_blench_gbar1246,20,56,35
other.gbari_blench_gbar1246,31,56,38
other.gbari_blench_gbar1246,11,56,38
other.gbari_blench_gbar1246,3,56,33
other.gbari_blench_gbar1246,52,56,35
other.gbari_blench_gbar1246,43,56,40
other.gbari_blench_gbar1246,10,56,36
other.gbari_blench_gbar1246,42,56,41
other.gbari_blench_gbar1246,18,56,38
other.gbari_blench_gbar1246,26,56,27
other.gbari_blench_gbar1246,50,56,38
other.gbari_blench_gbar1246,4,56,42
other.gbari_blench_gbar1246,49,56,42
other.gbari_blench_gbar1246,21,56,41
other.gbari_blench_gbar1246,34,56,43
other.gbari_blench_gbar1246,15,56,38
other.gbari_blench_gbar1246,28,56,36
other.goemai_hellwig_goem1240,41,43,33
other.goemai_hellwig_goem1240,19,43,33
other.goemai_hellwig_goem1240,24,43,42
other.goemai_hellwig_goem1240,30,43,29
other.goemai_hellwig_goem1240,23,43,36
other.goemai_hellwig_goem1240,27,43,35
other.goemai_hellwig_goem1240,40,43,30
other.goemai_hellwig_goem1240,12,43,35
other.goemai_hellwig_goem1240,3,43,39
other.goemai_hellwig_goem1240,31,43,34
other.goemai_hellwig_goem1240,20,43,29
other.goemai_hellwig_goem1240,28,43,35
other.goemai_hellwig_goem1240,11,43,24
other.goemai_hellwig_goem1240,33,43,32
other.goemai_hellwig_goem1240,7,43,25
other.goemai_hellwig_goem1240,4,43,33
other.goemai_hellwig_goem1240,13,43,26
other.goemai_hellwig_goem1240,16,43,29
other.goemai_hellwig_goem1240,17,43,35
other.goemai_hellwig_goem1240,34,43,33
other.hawaiian_pukui_hawa1245,1173,2489,8
other.hawaiian_pukui_hawa1245,2020,2489,6
other.hawaiian_pukui_hawa1245,1381,2489,12
other.hawaiian_pukui_hawa1245,19,2489,10
other.hawaiian_pukui_hawa1245,730,2489,9
other.hawaiian_pukui_hawa1245,1831,2489,9
other.hawaiian_pukui_hawa1245,784,2489,9
other.hawaiian_pukui_hawa1245,235,2489,10
other.hawaiian_pukui_hawa1245,1658,2489,6
other.hawaiian_pukui_hawa1245,793,2489,10
other.hawaiian_pukui_hawa1245,669,2489,10
other.hawaiian_pukui_hawa1245,1144,2489,9
other.hawaiian_pukui_hawa1245,2394,2489,9
other.hawaiian_pukui_hawa1245,895,2489,9
other.hawaiian_pukui_hawa1245,1792,2489,8
other.hawaiian_pukui_hawa1245,199,2489,9
other.hawaiian_pukui_hawa1245,2213,2489,1
other.hawaiian_pukui_hawa1245,865,2489,9
other.hawaiian_pukui_hawa1245,614,2489,7
other.hawaiian_pukui_hawa1245,13,2489,9
other.iraqw_mous_iraq1241,74,109,26
other.iraqw_mous_iraq1241,24,109,33
other.iraqw_mous_iraq1241,20,109,28
other.iraqw_mous_iraq1241,70,109,31
other.iraqw_mous_iraq1241,34,109,29
other.iraqw_mous_iraq1241,29,109,30
other.iraqw_mous_iraq1241,23,109,30
other.iraqw_mous_iraq1241,15,109,31
other.iraqw_mous_iraq1241,108,109,32
other.iraqw_mous_iraq1241,1,109,0
other.iraqw_mous_iraq1241,97,109,37
other.iraqw_mous_iraq1241,84,109,29
other.iraqw_mous_iraq1241,51,109,36
other.iraqw_mous_iraq1241,106,109,27
other.iraqw_mous_iraq1241,95,109,32
other.iraqw_mous_iraq1241,85,109,30
other.iraqw_mous_iraq1241,45,109,31
other.iraqw_mous_iraq1241,49,109,35
other.iraqw_mous_iraq1241,47,109,28
other.iraqw_mous_iraq1241,73,109,31
other.komnzo_dohler_komn1238,97,97,3
other.komnzo_dohler_komn1238,35,97,27
other.komnzo_dohler_komn1238,6,97,21
other.komnzo_dohler_komn1238,64,97,2
other.komnzo_dohler_komn1238,18,97,20
other.komnzo_dohler_komn1238,25,97,25
other.komnzo_dohler_komn1238,85,97,25
other.komnzo_dohler_komn1238,22,97,28
other.komnzo_dohler_komn1238,54,97,28
other.komnzo_dohler_komn1238,17,97,12
other.komnzo_dohler_komn1238,93,97,24
other.komnzo_dohler_komn1238,2,97,15
other.komnzo_dohler_komn1238,33,97,27
other.komnzo_dohler_komn1238,75,97,11
other.komnzo_dohler_komn1238,62,97,23
other.komnzo_dohler_komn1238,30,97,16
other.komnzo_dohler_komn1238,58,97,23
other.komnzo_dohler_komn1238,81,97,3
other.komnzo_dohler_komn1238,7,97,24
other.komnzo_dohler_komn1238,23,97,26
other.mosuo_michaud_yong1270,276,328,8
other.mosuo_michaud_yong1270,203,328,8
other.mosuo_michaud_yong1270,160,328,10
other.mosuo_michaud_yong1270,278,328,9
other.mosuo_michaud_yong1270,224,328,6
other.mosuo_michaud_yong1270,263,328,11
other.mosuo_michaud_yong1270,186,328,6
other.mosuo_michaud_yong1270,206,328,10
other.mosuo_michaud_yong1270,302,328,10
other.mosuo_michaud_yong1270,192,328,13
other.mosuo_michaud_yong1270,135,328,11
other.mosuo_michaud_yong1270,77,328,8
other.mosuo_michaud_yong1270,71,328,7
other.mosuo_michaud_yong1270,237,328,1
other.mosuo_michaud_yong1270,125,328,4
other.mosuo_michaud_yong1270,60,328,6
other.mosuo_michaud_yong1270,286,328,2
other.mosuo_michaud_yong1270,291,328,1
other.mosuo_michaud_yong1270,143,328,10
other.mosuo_michaud_yong1270,275,328,7
other.mudburra_green_mudb1240,64,232,10
other.mudburra_green_mudb1240,156,232,8
other.mudburra_green_mudb1240,191,232,11
other.mudburra_green_mudb1240,161,232,5
other.mudburra_green_mudb1240,88,232,8
other.mudburra_green_mudb1240,113,232,12
other.mudburra_green_mudb1240,168,232,14
other.mudburra_green_mudb1240,143,232,14
other.mudburra_green_mudb1240,154,232,10
other.mudburra_green_mudb1240,144,232,11
other.mudburra_green_mudb1240,106,232,15
other.mudburra_green_mudb1240,162,232,15
other.mudburra_green_mudb1240,65,232,10
other.mudburra_green_mudb1240,142,232,12
other.mudburra_green_mudb1240,76,232,16
other.mudburra_green_mudb1240,115,232,12
other.mudburra_green_mudb1240,207,232,14
other.mudburra_green_mudb1240,28,232,16
other.mudburra_green_mudb1240,221,232,17
other.mudburra_green_mudb1240,103,232,8
other.nafsan_thieberger_sout2856,126,138,20
other.nafsan_thieberger_sout2856,63,138,26
other.nafsan_thieberger_sout2856,128,138,22
other.nafsan_thieberger_sout2856,51,138,22
other.nafsan_thieberger_sout2856,111,138,24
other.nafsan_thieberger_sout2856,115,138,31
other.nafsan_thieberger_sout2856,39,138,20
other.nafsan_thieberger_sout2856,96,138,25
other.nafsan_thieberger_sout2856,120,138,22
other.nafsan_thieberger_sout2856,85,138,14
other.nafsan_thieberger_sout2856,3,138,16
other.nafsan_thieberger_sout2856,118,138,31
other.nafsan_thieberger_sout2856,31,138,18
other.nafsan_thieberger_sout2856,22,138,22
other.nafsan_thieberger_sout2856,138,138,0
other.nafsan_thieberger_sout2856,33,138,18
other.nafsan_thieberger_sout2856,105,138,22
other.nafsan_thieberger_sout2856,7,138,24
other.nafsan_thieberger_sout2856,103,138,18
other.nafsan_thieberger_sout2856,43,138,29
other.ngandi_heath_ngan1295,6,20,71
other.ngandi_heath_ngan1295,3,20,72
other.ngandi_heath_ngan1295,19,20,70
other.ngandi_heath_ngan1295,7,20,70
other.ngandi_heath_ngan1295,11,20,79
other.ngandi_heath_ngan1295,12,20,66
other.ngandi_heath_ngan1295,5,20,75
other.ngandi_heath_ngan1295,15,20,74
other.ngandi_heath_ngan1295,9,20,71
other.ngandi_heath_ngan1295,4,20,61
other.ngandi_heath_ngan1295,13,20,78
other.ngandi_heath_ngan1295,2,20,69
other.ngandi_heath_ngan1295,14,20,83
other.ngandi_heath_ngan1295,1,20,22
other.ngandi_heath_ngan1295,20,20,22
other.ngandi_heath_ngan1295,8,20,69
other.ngandi_heath_ngan1295,10,20,70
other.ngandi_heath_ngan1295,16,20,74
other.ngandi_heath_ngan1295,18,20,64
other.ngandi_heath_ngan1295,17,20,75
other.northernalta_laguia_nort2875,7,44,59
other.northernalta_laguia_nort2875,13,44,68
other.northernalta_laguia_nort2875,32,44,54
other.northernalta_laguia_nort2875,12,44,45
other.northernalta_laguia_nort2875,20,44,57
other.northernalta_laguia_nort2875,43,44,54
other.northernalta_laguia_nort2875,9,44,61
other.northernalta_laguia_nort2875,37,44,57
other.northernalta_laguia_nort2875,11,44,52
other.northernalta_laguia_nort2875,31,44,76
other.northernalta_laguia_nort2875,34,44,61
other.northernalta_laguia_nort2875,26,44,52
other.northernalta_laguia_nort2875,27,44,51
other.northernalta_laguia_nort2875,5,44,51
other.northernalta_laguia_nort2875,25,44,63
other.northernalta_laguia_nort2875,23,44,54
other.northernalta_laguia_nort2875,1,44,32
other.northernalta_laguia_nort2875,44,44,46
other.northernalta_laguia_nort2875,38,44,64
other.northernalta_laguia_nort2875,4,44,57
other.rongga_arka_rong1269,23,96,32
other.rongga_arka_rong1269,48,96,36
other.rongga_arka_rong1269,87,96,36
other.rongga_arka_rong1269,28,96,39
other.rongga_arka_rong1269,49,96,29
other.rongga_arka_rong1269,57,96,32
other.rongga_arka_rong1269,5,96,29
other.rongga_arka_rong1269,2,96,0
other.rongga_arka_rong1269,38,96,33
other.rongga_arka_rong1269,96,96,12
other.rongga_arka_rong1269,50,96,30
other.rongga_arka_rong1269,36,96,31
other.rongga_arka_rong1269,53,96,30
other.rongga_arka_rong1269,42,96,34
other.rongga_arka_rong1269,93,96,42
other.rongga_arka_rong1269,29,96,39
other.rongga_arka_rong1269,21,96,32
other.rongga_arka_rong1269,88,96,35
other.rongga_arka_rong1269,12,96,33
other.rongga_arka_rong1269,79,96,49
other.sauk_whittaker_mesk1242,91,125,12
other.sauk_whittaker_mesk1242,3,125,10
other.sauk_whittaker_mesk1242,97,125,13
other.sauk_whittaker_mesk1242,33,125,12
other.sauk_whittaker_mesk1242,80,125,16
other.sauk_whittaker_mesk1242,107,125,12
other.sauk_whittaker_mesk1242,75,125,11
other.sauk_whittaker_mesk1242,35,125,12
other.sauk_whittaker_mesk1242,17,125,15
other.sauk_whittaker_mesk1242,22,125,14
other.sauk_whittaker_mesk1242,102,125,14
other.sauk_whittaker_mesk1242,50,125,13
other.sauk_whittaker_mesk1242,113,125,17
other.sauk_whittaker_mesk1242,122,125,13
other.sauk_whittaker_mesk1242,20,125,15
other.sauk_whittaker_mesk1242,121,125,14
other.sauk_whittaker_mesk1242,93,125,11
other.sauk_whittaker_mesk1242,106,125,13
other.sauk_whittaker_mesk1242,32,125,12
other.sauk_whittaker_mesk1242,120,125,13
other.savosavo_wegener_savo1255,5,27,43
other.savosavo_wegener_savo1255,11,27,42
other.savosavo_wegener_savo1255,25,27,37
other.savosavo_wegener_savo1255,23,27,41
other.savosavo_wegener_savo1255,7,27,42
other.savosavo_wegener_savo1255,16,27,42
other.savosavo_wegener_savo1255,1,27,27
other.savosavo_wegener_savo1255,2,27,43
other.savosavo_wegener_savo1255,8,27,43
other.savosavo_wegener_savo1255,12,27,41
other.savosavo_wegener_savo1255,18,27,39
other.savosavo_wegener_savo1255,21,27,38
other.savosavo_wegener_savo1255,24,27,40
other.savosavo_wegener_savo1255,6,27,41
other.savosavo_wegener_savo1255,13,27,42
other.savosavo_wegener_savo1255,19,27,44
other.savosavo_wegener_savo1255,26,27,36
other.savosavo_wegener_savo1255,3,27,42
other.savosavo_wegener_savo1255,14,27,40
other.savosavo_wegener_savo1255,20,27,40
other.vures_malau_vure1239,11,235,13
other.vures_malau_vure1239,22,235,10
other.vures_malau_vure1239,129,235,11
other.vures_malau_vure1239,8,235,14
other.vures_malau_vure1239,110,235,11
other.vures_malau_vure1239,96,235,16
other.vures_malau_vure1239,146,235,13
other.vures_malau_vure1239,19,235,17
other.vures_malau_vure1239,42,235,13
other.vures_malau_vure1239,169,235,17
other.vures_malau_vure1239,16,235,10
other.vures_malau_vure1239,32,235,6
other.vures_malau_vure1239,124,235,7
other.vures_malau_vure1239,4,235,10
other.vures_malau_vure1239,94,235,12
other.vures_malau_vure1239,218,235,16
other.vures_malau_vure1239,103,235,12
other.vures_malau_vure1239,13,235,4
other.vures_malau_vure1239,143,235,18
other.vures_malau_vure1239,117,235,11
other.wampar_fischer_wamp1247,49,259,23
other.wampar_fischer_wamp1247,34,259,26
other.wampar_fischer_wamp1247,13,259,13
other.wampar_fischer_wamp1247,85,259,17
other.wampar_fischer_wamp1247,249,259,26
other.wampar_fischer_wamp1247,160,259,20
other.wampar_fischer_wamp1247,24,259,20
other.wampar_fischer_wamp1247,177,259,22
other.wampar_fischer_wamp1247,108,259,15
other.wampar_fischer_wamp1247,218,259,26
other.wampar_fischer_wamp1247,165,259,15
other.wampar_fischer_wamp1247,11,259,23
other.wampar_fischer_wamp1247,147,259,25
other.wampar_fischer_wamp1247,63,259,17
other.wampar_fischer_wamp1247,215,259,19
other.wampar_fischer_wamp1247,195,259,25
other.wampar_fischer_wamp1247,145,259,30
other.wampar_fischer_wamp1247,14,259,19
other.wampar_fischer_wamp1247,192,259,22
other.wampar_fischer_wamp1247,138,259,21
other.warlpiri_swartz_warl1254,243,275,34
other.warlpiri_swartz_warl1254,170,275,20
other.warlpiri_swartz_warl1254,3,275,28
other.warlpiri_swartz_warl1254,122,275,15
other.warlpiri_swartz_warl1254,222,275,12
other.warlpiri_swartz_warl1254,191,275,20
other.warlpiri_swartz_warl1254,48,275,31
other.warlpiri_swartz_warl1254,176,275,19
other.warlpiri_swartz_warl1254,174,275,19
other.warlpiri_swartz_warl1254,7,275,27
other.warlpiri_swartz_warl1254,28,275,16
other.warlpiri_swartz_warl1254,254,275,25
other.warlpiri_swartz_warl1254,136,275,18
other.warlpiri_swartz_warl1254,267,275,28
other.warlpiri_swartz_warl1254,37,275,26
other.warlpiri_swartz_warl1254,106,275,25
other.warlpiri_swartz_warl1254,155,275,12
other.warlpiri_swartz_warl1254,179,275,23
other.warlpiri_swartz_warl1254,27,275,38
other.warlpiri_swartz_warl1254,126,275,22
other.yali_zollner_angg1239,138,246,1
other.yali_zollner_angg1239,166,246,23
other.yali_zollner_angg1239,22,246,14
other.yali_zollner_angg1239,203,246,22
other.yali_zollner_angg1239,230,246,31
other.yali_zollner_angg1239,12,246,16
other.yali_zollner_angg1239,65,246,12
other.yali_zollner_angg1239,154,246,35
other.yali_zollner_angg1239,160,246,40
other.yali_zollner_angg1239,28,246,37
other.yali_zollner_angg1239,195,246,61
other.yali_zollner_angg1239,33,246,14
other.yali_zollner_angg1239,229,246,25
other.yali_zollner_angg1239,41,246,12
other.yali_zollner_angg1239,66,246,19
other.yali_zollner_angg1239,208,246,15
other.yali_zollner_angg1239,225,246,22
other.yali_zollner_angg1239,24,246,23
other.yali_zollner_angg1239,185,246,29
other.yali_zollner_angg1239,91,246,34
pacific.aiwoo_naess_ayiw1239,135,142,24
pacific.aiwoo_naess_ayiw1239,116,142,22
pacific.aiwoo_naess_ayiw1239,14,142,22
pacific.aiwoo_naess_ayiw1239,67,142,33
pacific.aiwoo_naess_ayiw1239,132,142,18
pacific.aiwoo_naess_ayiw1239,4,142,29
pacific.aiwoo_naess_ayiw1239,139,142,20
pacific.aiwoo_naess_ayiw1239,25,142,20
pacific.aiwoo_naess_ayiw1239,82,142,21
pacific.aiwoo_naess_ayiw1239,3,142,25
pacific.aiwoo_naess_ayiw1239,27,142,24
pacific.aiwoo_naess_ayiw1239,124,142,24
pacific.aiwoo_naess_ayiw1239,86,142,30
pacific.aiwoo_naess_ayiw1239,119,142,19
pacific.aiwoo_naess_ayiw1239,107,142,28
pacific.aiwoo_naess_ayiw1239,65,142,28
pacific.aiwoo_naess_ayiw1239,6,142,21
pacific.aiwoo_naess_ayiw1239,112,142,23
pacific.aiwoo_naess_ayiw1239,75,142,20
pacific.aiwoo_naess_ayiw1239,64,142,32
pacific.anejom_lynch_anei1239,214,279,23
pacific.anejom_lynch_anei1239,223,279,21
pacific.anejom_lynch_anei1239,114,279,23
pacific.anejom_lynch_anei1239,244,279,21
pacific.anejom_lynch_anei1239,24,279,18
pacific.anejom_lynch_anei1239,57,279,17
pacific.anejom_lynch_anei1239,71,279,16
pacific.anejom_lynch_anei1239,97,279,17
pacific.anejom_lynch_anei1239,41,279,21
pacific.anejom_lynch_anei1239,52,279,16
pacific.anejom_lynch_anei1239,152,279,20
pacific.anejom_lynch_anei1239,182,279,23
pacific.anejom_lynch_anei1239,82,279,16
pacific.anejom_lynch_anei1239,225,279,23
pacific.anejom_lynch_anei1239,88,279,18
pacific.anejom_lynch_anei1239,127,279,22
pacific.anejom_lynch_anei1239,181,279,25
pacific.anejom_lynch_anei1239,90,279,16
pacific.anejom_lynch_anei1239,17,279,14
pacific.anejom_lynch_anei1239,54,279,17
pacific.angkoriankhmer_jenner_oldk1249,453,778,8
pacific.angkoriankhmer_jenner_oldk1249,726,778,14
pacific.angkoriankhmer_jenner_oldk1249,369,778,4
pacific.angkoriankhmer_jenner_oldk1249,297,778,5
pacific.angkoriankhmer_jenner_oldk1249,35,778,5
pacific.angkoriankhmer_jenner_oldk1249,192,778,6
pacific.angkoriankhmer_jenner_oldk1249,474,778,12
pacific.angkoriankhmer_jenner_oldk1249,699,778,8
pacific.angkoriankhmer_jenner_oldk1249,400,778,8
pacific.angkoriankhmer_jenner_oldk1249,324,778,2
pacific.angkoriankhmer_jenner_oldk1249,284,778,3
pacific.angkoriankhmer_jenner_oldk1249,603,778,5
pacific.angkoriankhmer_jenner_oldk1249,308,778,6
pacific.angkoriankhmer_jenner_oldk1249,673,778,9
pacific.angkoriankhmer_jenner_oldk1249,97,778,7
pacific.angkoriankhmer_jenner_oldk1249,626,778,12
pacific.angkoriankhmer_jenner_oldk1249,48,778,11
pacific.angkoriankhmer_jenner_oldk1249,697,778,10
pacific.angkoriankhmer_jenner_oldk1249,107,778,10
pacific.angkoriankhmer_jenner_oldk1249,114,778,5
pacific.buin_laycock_tere1278,192,252,26
pacific.buin_laycock_tere1278,243,252,8
pacific.buin_laycock_tere1278,217,252,22
pacific.buin_laycock_tere1278,81,252,30
pacific.buin_laycock_tere1278,252,252,17
pacific.buin_laycock_tere1278,200,252,25
pacific.buin_laycock_tere1278,231,252,17
pacific.buin_laycock_tere1278,27,252,0
pacific.buin_laycock_tere1278,59,252,25
pacific.buin_laycock_tere1278,113,252,32
pacific.buin_laycock_tere1278,58,252,37
pacific.buin_laycock_tere1278,45,252,22
pacific.buin_laycock_tere1278,72,252,21
pacific.buin_laycock_tere1278,141,252,30
pacific.buin_laycock_tere1278,221,252,21
pacific.buin_laycock_tere1278,3,252,34
pacific.buin_laycock_tere1278,190,252,17
pacific.buin_laycock_tere1278,96,252,34
pacific.buin_laycock_tere1278,30,252,23
pacific.buin_laycock_tere1278,223,252,15
pacific.chekeholo_white_chek1238,123,210,25
pacific.chekeholo_white_chek1238,71,210,20
pacific.chekeholo_white_chek1238,162,210,16
pacific.chekeholo_white_chek1238,62,210,20
pacific.chekeholo_white_chek1238,169,210,26
pacific.chekeholo_white_chek1238,65,210,18
pacific.chekeholo_white_chek1238,121,210,14
pacific.chekeholo_white_chek1238,24,210,18
pacific.chekeholo_white_chek1238,189,210,17
pacific.chekeholo_white_chek1238,16,210,30
pacific.chekeholo_white_chek1238,124,210,35
pacific.chekeholo_white_chek1238,27,210,27
pacific.chekeholo_white_chek1238,125,210,39
pacific.chekeholo_white_chek1238,117,210,22
pacific.chekeholo_white_chek1238,49,210,32
pacific.chekeholo_white_chek1238,77,210,20
pacific.chekeholo_white_chek1238,83,210,22
pacific.chekeholo_white_chek1238,82,210,22
pacific.chekeholo_white_chek1238,19,210,31
pacific.chekeholo_white_chek1238,33,210,21
pacific.chepang_caughley_chep1245,137,287,27
pacific.chepang_caughley_chep1245,118,287,24
pacific.chepang_caughley_chep1245,95,287,25
pacific.chepang_caughley_chep1245,279,287,28
pacific.chepang_caughley_chep1245,3,287,19
pacific.chepang_caughley_chep1245,57,287,26
pacific.chepang_caughley_chep1245,140,287,16
pacific.chepang_caughley_chep1245,261,287,23
pacific.chepang_caughley_chep1245,103,287,33
pacific.chepang_caughley_chep1245,242,287,30
pacific.chepang_caughley_chep1245,202,287,31
pacific.chepang_caughley_chep1245,175,287,32
pacific.chepang_caughley_chep1245,105,287,31
pacific.chepang_caughley_chep1245,176,287,32
pacific.chepang_caughley_chep1245,86,287,21
pacific.chepang_caughley_chep1245,264,287,29
pacific.chepang_caughley_chep1245,199,287,38
pacific.chepang_caughley_chep1245,245,287,33
pacific.chepang_caughley_chep1245,253,287,24
pacific.chepang_caughley_chep1245,190,287,30
pacific.cookislandsmaori_buse_raro1241,228,564,9
pacific.cookislandsmaori_buse_raro1241,369,564,10
pacific.cookislandsmaori_buse_raro1241,406,564,5
pacific.cookislandsmaori_buse_raro1241,83,564,7
pacific.cookislandsmaori_buse_raro1241,245,564,6
pacific.cookislandsmaori_buse_raro1241,466,564,11
pacific.cookislandsmaori_buse_raro1241,216,564,13
pacific.cookislandsmaori_buse_raro1241,53,564,13
pacific.cookislandsmaori_buse_raro1241,280,564,10
pacific.cookislandsmaori_buse_raro1241,491,564,12
pacific.cookislandsmaori_buse_raro1241,94,564,8
pacific.cookislandsmaori_buse_raro1241,520,564,9
pacific.cookislandsmaori_buse_raro1241,546,564,9
pacific.cookislandsmaori_buse_raro1241,387,564,5
pacific.cookislandsmaori_buse_raro1241,55,564,10
pacific.cookislandsmaori_buse_raro1241,526,564,9
pacific.cookislandsmaori_buse_raro1241,166,564,8
pacific.cookislandsmaori_buse_raro1241,6,564,8
pacific.cookislandsmaori_buse_raro1241,204,564,13
pacific.cookislandsmaori_buse_raro1241,182,564,13
pacific.dehong_yongxian_tain1252,182,252,13
pacific.dehong_yongxian_tain1252,154,252,13
pacific.dehong_yongxian_tain1252,5,252,13
pacific.dehong_yongxian_tain1252,198,252,10
pacific.dehong_yongxian_tain1252,207,252,14
pacific.dehong_yongxian_tain1252,115,252,13
pacific.dehong_yongxian_tain1252,224,252,12
pacific.dehong_yongxian_tain1252,168,252,8
pacific.dehong_yongxian_tain1252,8,252,21
pacific.dehong_yongxian_tain1252,143,252,16
pacific.dehong_yongxian_tain1252,195,252,14
pacific.dehong_yongxian_tain1252,128,252,13
pacific.dehong_yongxian_tain1252,68,252,17
pacific.dehong_yongxian_tain1252,218,252,14
pacific.dehong_yongxian_tain1252,161,252,21
pacific.dehong_yongxian_tain1252,109,252,8
pacific.dehong_yongxian_tain1252,160,252,12
pacific.dehong_yongxian_tain1252,202,252,17
pacific.dehong_yongxian_tain1252,56,252,9
pacific.dehong_yongxian_tain1252,151,252,20
pacific.dumagat_headland_casi1235,154,172,26
pacific.dumagat_headland_casi1235,168,172,28
pacific.dumagat_headland_casi1235,22,172,30
pacific.dumagat_headland_casi1235,53,172,27
pacific.dumagat_headland_casi1235,40,172,27
pacific.dumagat_headland_casi1235,27,172,21
pacific.dumagat_headland_casi1235,167,172,28
pacific.dumagat_headland_casi1235,84,172,24
pacific.dumagat_headland_casi1235,128,172,25
pacific.dumagat_headland_casi1235,95,172,31
pacific.dumagat_headland_casi1235,123,172,23
pacific.dumagat_headland_casi1235,161,172,29
pacific.dumagat_headland_casi1235,74,172,30
pacific.dumagat_headland_casi1235,144,172,28
pacific.dumagat_headland_casi1235,163,172,29
pacific.dumagat_headland_casi1235,32,172,30
pacific.dumagat_headland_casi1235,105,172,26
pacific.dumagat_headland_casi1235,132,172,24
pacific.dumagat_headland_casi1235,45,172,29
pacific.dumagat_headland_casi1235,159,172,24
pacific.jahai_burenhult_jeha1242,30,41,44
pacific.jahai_burenhult_jeha1242,5,41,44
pacific.jahai_burenhult_jeha1242,25,41,43
pacific.jahai_burenhult_jeha1242,26,41,44
pacific.jahai_burenhult_jeha1242,16,41,42
pacific.jahai_burenhult_jeha1242,38,41,43
pacific.jahai_burenhult_jeha1242,28,41,41
pacific.jahai_burenhult_jeha1242,2,41,41
pacific.jahai_burenhult_jeha1242,29,41,45
pacific.jahai_burenhult_jeha1242,32,41,45
pacific.jahai_burenhult_jeha1242,1,41,31
pacific.jahai_burenhult_jeha1242,33,41,43
pacific.jahai_burenhult_jeha1242,17,41,39
pacific.jahai_burenhult_jeha1242,40,41,44
pacific.jahai_burenhult_jeha1242,35,41,43
pacific.jahai_burenhult_jeha1242,21,41,45
pacific.jahai_burenhult_jeha1242,34,41,44
pacific.jahai_burenhult_jeha1242,11,41,43
pacific.jahai_burenhult_jeha1242,39,41,42
pacific.jahai_burenhult_jeha1242,8,41,44
pacific.jingulu_pensalfini_djin1251,111,115,21
pacific.jingulu_pensalfini_djin1251,29,115,16
pacific.jingulu_pensalfini_djin1251,10,115,20
pacific.jingulu_pensalfini_djin1251,78,115,18
pacific.jingulu_pensalfini_djin1251,47,115,18
pacific.jingulu_pensalfini_djin1251,48,115,14
pacific.jingulu_pensalfini_djin1251,105,115,21
pacific.jingulu_pensalfini_djin1251,74,115,14
pacific.jingulu_pensalfini_djin1251,71,115,15
pacific.jingulu_pensalfini_djin1251,41,115,18
pacific.jingulu_pensalfini_djin1251,24,115,18
pacific.jingulu_pensalfini_djin1251,30,115,17
pacific.jingulu_pensalfini_djin1251,94,115,18
pacific.jingulu_pensalfini_djin1251,51,115,18
pacific.jingulu_pensalfini_djin1251,92,115,18
pacific.jingulu_pensalfini_djin1251,104,115,20
pacific.jingulu_pensalfini_djin1251,28,115,15
pacific.jingulu_pensalfini_djin1251,110,115,17
pacific.jingulu_pensalfini_djin1251,100,115,19
pacific.jingulu_pensalfini_djin1251,50,115,14
pacific.kalam_pawley_kala1397,313,564,18
pacific.kalam_pawley_kala1397,269,564,26
pacific.kalam_pawley_kala1397,32,564,18
pacific.kalam_pawley_kala1397,66,564,19
pacific.kalam_pawley_kala1397,297,564,17
pacific.kalam_pawley_kala1397,462,564,19
pacific.kalam_pawley_kala1397,54,564,43
pacific.kalam_pawley_kala1397,541,564,23
pacific.kalam_pawley_kala1397,455,564,13
pacific.kalam_pawley_kala1397,48,564,18
pacific.kalam_pawley_kala1397,499,564,20
pacific.kalam_pawley_kala1397,478,564,29
pacific.kalam_pawley_kala1397,384,564,15
pacific.kalam_pawley_kala1397,368,564,15
pacific.kalam_pawley_kala1397,519,564,28
pacific.kalam_pawley_kala1397,184,564,23
pacific.kalam_pawley_kala1397,236,564,19
pacific.kalam_pawley_kala1397,401,564,34
pacific.kalam_pawley_kala1397,168,564,23
pacific.kalam_pawley_kala1397,485,564,23
pacific.koiari_dutton_gras1249,222,226,20
pacific.koiari_dutton_gras1249,223,226,16
pacific.koiari_dutton_gras1249,193,226,19
pacific.koiari_dutton_gras1249,206,226,30
pacific.koiari_dutton_gras1249,168,226,24
pacific.koiari_dutton_gras1249,140,226,14
pacific.koiari_dutton_gras1249,50,226,11
pacific.koiari_dutton_gras1249,187,226,24
pacific.koiari_dutton_gras1249,221,226,17
pacific.koiari_dutton_gras1249,165,226,14
pacific.koiari_dutton_gras1249,59,226,22
pacific.koiari_dutton_gras1249,178,226,14
pacific.koiari_dutton_gras1249,12,226,5
pacific.koiari_dutton_gras1249,194,226,15
pacific.koiari_dutton_gras1249,42,226,18
pacific.koiari_dutton_gras1249,219,226,16
pacific.koiari_dutton_gras1249,66,226,22
pacific.koiari_dutton_gras1249,65,226,16
pacific.koiari_dutton_gras1249,174,226,27
pacific.koiari_dutton_gras1249,85,226,18
pacific.kwoma_bowden_kwom1262,136,263,18
pacific.kwoma_bowden_kwom1262,20,263,17
pacific.kwoma_bowden_kwom1262,263,263,2
pacific.kwoma_bowden_kwom1262,65,263,21
pacific.kwoma_bowden_kwom1262,49,263,17
pacific.kwoma_bowden_kwom1262,14,263,23
pacific.kwoma_bowden_kwom1262,51,263,12
pacific.kwoma_bowden_kwom1262,176,263,16
pacific.kwoma_bowden_kwom1262,106,263,20
pacific.kwoma_bowden_kwom1262,154,263,12
pacific.kwoma_bowden_kwom1262,50,263,18
pacific.kwoma_bowden_kwom1262,146,263,14
pacific.kwoma_bowden_kwom1262,228,263,15
pacific.kwoma_bowden_kwom1262,257,263,18
pacific.kwoma_bowden_kwom1262,240,263,16
pacific.kwoma_bowden_kwom1262,93,263,13
pacific.kwoma_bowden_kwom1262,135,263,26
pacific.kwoma_bowden_kwom1262,248,263,18
pacific.kwoma_bowden_kwom1262,12,263,16
pacific.kwoma_bowden_kwom1262,117,263,16
pacific.kyakaenga_draper_kyak1244,43,386,35
pacific.kyakaenga_draper_kyak1244,92,386,21
pacific.kyakaenga_draper_kyak1244,178,386,19
pacific.kyakaenga_draper_kyak1244,290,386,19
pacific.kyakaenga_draper_kyak1244,199,386,18
pacific.kyakaenga_draper_kyak1244,95,386,23
pacific.kyakaenga_draper_kyak1244,185,386,18
pacific.kyakaenga_draper_kyak1244,302,386,30
pacific.kyakaenga_draper_kyak1244,81,386,18
pacific.kyakaenga_draper_kyak1244,255,386,33
pacific.kyakaenga_draper_kyak1244,76,386,22
pacific.kyakaenga_draper_kyak1244,294,386,16
pacific.kyakaenga_draper_kyak1244,129,386,32
pacific.kyakaenga_draper_kyak1244,60,386,30
pacific.kyakaenga_draper_kyak1244,134,386,20
pacific.kyakaenga_draper_kyak1244,84,386,31
pacific.kyakaenga_draper_kyak1244,224,386,12
pacific.kyakaenga_draper_kyak1244,247,386,20
pacific.kyakaenga_draper_kyak1244,152,386,12
pacific.kyakaenga_draper_kyak1244,232,386,22
pacific.lisu_bradley_lisu1250,73,210,48
pacific.lisu_bradley_lisu1250,64,210,36
pacific.lisu_bradley_lisu1250,208,210,39
pacific.lisu_bradley_lisu1250,125,210,52
pacific.lisu_bradley_lisu1250,121,210,55
pacific.lisu_bradley_lisu1250,23,210,40
pacific.lisu_bradley_lisu1250,201,210,7
pacific.lisu_bradley_lisu1250,68,210,27
pacific.lisu_bradley_lisu1250,187,210,34
pacific.lisu_bradley_lisu1250,53,210,43
pacific.lisu_bradley_lisu1250,132,210,54
pacific.lisu_bradley_lisu1250,145,210,59
pacific.lisu_bradley_lisu1250,75,210,39
pacific.lisu_bradley_lisu1250,116,210,11
pacific.lisu_bradley_lisu1250,42,210,39
pacific.lisu_bradley_lisu1250,25,210,8
pacific.lisu_bradley_lisu1250,169,210,61
pacific.lisu_bradley_lisu1250,149,210,49
pacific.lisu_bradley_lisu1250,67,210,33
pacific.lisu_bradley_lisu1250,69,210,26
pacific.mali_stebbins_mali1284,182,186,45
pacific.mali_stebbins_mali1284,64,186,21
pacific.mali_stebbins_mali1284,36,186,24
pacific.mali_stebbins_mali1284,165,186,20
pacific.mali_stebbins_mali1284,112,186,26
pacific.mali_stebbins_mali1284,126,186,29
pacific.mali_stebbins_mali1284,35,186,23
pacific.mali_stebbins_mali1284,83,186,29
pacific.mali_stebbins_mali1284,106,186,39
pacific.mali_stebbins_mali1284,2,186,26
pacific.mali_stebbins_mali1284,116,186,34
pacific.mali_stebbins_mali1284,131,186,28
pacific.mali_stebbins_mali1284,59,186,37
pacific.mali_stebbins_mali1284,76,186,28
pacific.mali_stebbins_mali1284,104,186,24
pacific.mali_stebbins_mali1284,150,186,28
pacific.mali_stebbins_mali1284,115,186,35
pacific.mali_stebbins_mali1284,99,186,18
pacific.mali_stebbins_mali1284,9,186,16
pacific.mali_stebbins_mali1284,33,186,24
pacific.mele_clark_mele1250,68,111,30
pacific.mele_clark_mele1250,22,111,39
pacific.mele_clark_mele1250,81,111,29
pacific.mele_clark_mele1250,27,111,35
pacific.mele_clark_mele1250,44,111,29
pacific.mele_clark_mele1250,51,111,33
pacific.mele_clark_mele1250,76,111,35
pacific.mele_clark_mele1250,80,111,40
pacific.mele_clark_mele1250,84,111,30
pacific.mele_clark_mele1250,101,111,37
pacific.mele_clark_mele1250,28,111,37
pacific.mele_clark_mele1250,75,111,34
pacific.mele_clark_mele1250,82,111,34
pacific.mele_clark_mele1250,88,111,26
pacific.mele_clark_mele1250,64,111,32
pacific.mele_clark_mele1250,3,111,32
pacific.mele_clark_mele1250,30,111,35
pacific.mele_clark_mele1250,78,111,35
pacific.mele_clark_mele1250,73,111,31
pacific.mele_clark_mele1250,19,111,37
pacific.nakanai_chowning_naka1262,135,227,30
pacific.nakanai_chowning_naka1262,70,227,27
pacific.nakanai_chowning_naka1262,163,227,19
pacific.nakanai_chowning_naka1262,173,227,20
pacific.nakanai_chowning_naka1262,220,227,25
pacific.nakanai_chowning_naka1262,82,227,33
pacific.nakanai_chowning_naka1262,197,227,28
pacific.nakanai_chowning_naka1262,32,227,26
pacific.nakanai_chowning_naka1262,53,227,33
pacific.nakanai_chowning_naka1262,99,227,34
pacific.nakanai_chowning_naka1262,51,227,36
pacific.nakanai_chowning_naka1262,48,227,33
pacific.nakanai_chowning_naka1262,38,227,17
pacific.nakanai_chowning_naka1262,86,227,2
pacific.nakanai_chowning_naka1262,77,227,28
pacific.nakanai_chowning_naka1262,194,227,9
pacific.nakanai_chowning_naka1262,147,227,36
pacific.nakanai_chowning_naka1262,202,227,36
pacific.nakanai_chowning_naka1262,39,227,35
pacific.nakanai_chowning_naka1262,144,227,14
pacific.paamese_crowley_paam1238,78,205,27
pacific.paamese_crowley_paam1238,37,205,22
pacific.paamese_crowley_paam1238,80,205,28
pacific.paamese_crowley_paam1238,23,205,24
pacific.paamese_crowley_paam1238,53,205,18
pacific.paamese_crowley_paam1238,116,205,22
pacific.paamese_crowley_paam1238,136,205,22
pacific.paamese_crowley_paam1238,35,205,30
pacific.paamese_crowley_paam1238,128,205,28
pacific.paamese_crowley_paam1238,112,205,29
pacific.paamese_crowley_paam1238,174,205,26
pacific.paamese_crowley_paam1238,40,205,23
pacific.paamese_crowley_paam1238,12,205,25
pacific.paamese_crowley_paam1238,70,205,27
pacific.paamese_crowley_paam1238,106,205,23
pacific.paamese_crowley_paam1238,157,205,26
pacific.paamese_crowley_paam1238,151,205,24
pacific.paamese_crowley_paam1238,38,205,25
pacific.paamese_crowley_paam1238,91,205,23
pacific.paamese_crowley_paam1238,113,205,32
pacific.preangkoriankhmer_jenner_oldk1249,138,620,9
pacific.preangkoriankhmer_jenner_oldk1249,383,620,9
pacific.preangkoriankhmer_jenner_oldk1249,326,620,6
pacific.preangkoriankhmer_jenner_oldk1249,125,620,5
pacific.preangkoriankhmer_jenner_oldk1249,310,620,6
pacific.preangkoriankhmer_jenner_oldk1249,351,620,9
pacific.preangkoriankhmer_jenner_oldk1249,4,620,7
pacific.preangkoriankhmer_jenner_oldk1249,569,620,7
pacific.preangkoriankhmer_jenner_oldk1249,251,620,6
pacific.preangkoriankhmer_jenner_oldk1249,168,620,8
pacific.preangkoriankhmer_jenner_oldk1249,304,620,4
pacific.preangkoriankhmer_jenner_oldk1249,317,620,6
pacific.preangkoriankhmer_jenner_oldk1249,151,620,9
pacific.preangkoriankhmer_jenner_oldk1249,593,620,7
pacific.preangkoriankhmer_jenner_oldk1249,242,620,3
pacific.preangkoriankhmer_jenner_oldk1249,385,620,5
pacific.preangkoriankhmer_jenner_oldk1249,381,620,8
pacific.preangkoriankhmer_jenner_oldk1249,178,620,8
pacific.preangkoriankhmer_jenner_oldk1249,414,620,12
pacific.preangkoriankhmer_jenner_oldk1249,152,620,9
pacific.sye_crowley_siee1239,8,157,30
pacific.sye_crowley_siee1239,71,157,27
pacific.sye_crowley_siee1239,87,157,28
pacific.sye_crowley_siee1239,120,157,29
pacific.sye_crowley_siee1239,56,157,24
pacific.sye_crowley_siee1239,110,157,23
pacific.sye_crowley_siee1239,100,157,26
pacific.sye_crowley_siee1239,19,157,23
pacific.sye_crowley_siee1239,62,157,21
pacific.sye_crowley_siee1239,65,157,29
pacific.sye_crowley_siee1239,77,157,27
pacific.sye_crowley_siee1239,28,157,30
pacific.sye_crowley_siee1239,49,157,19
pacific.sye_crowley_siee1239,24,157,23
pacific.sye_crowley_siee1239,22,157,23
pacific.sye_crowley_siee1239,68,157,24
pacific.sye_crowley_siee1239,84,157,26
pacific.sye_crowley_siee1239,57,157,24
pacific.sye_crowley_siee1239,143,157,31
pacific.sye_crowley_siee1239,136,157,25
pacific.takuu_moyle_taku1257,126,294,18
pacific.takuu_moyle_taku1257,94,294,14
pacific.takuu_moyle_taku1257,250,294,21
pacific.takuu_moyle_taku1257,59,294,12
pacific.takuu_moyle_taku1257,262,294,17
pacific.takuu_moyle_taku1257,72,294,19
pacific.takuu_moyle_taku1257,16,294,19
pacific.takuu_moyle_taku1257,286,294,32
pacific.takuu_moyle_taku1257,150,294,36
pacific.takuu_moyle_taku1257,54,294,31
pacific.takuu_moyle_taku1257,223,294,36
pacific.takuu_moyle_taku1257,144,294,36
pacific.takuu_moyle_taku1257,127,294,16
pacific.takuu_moyle_taku1257,171,294,34
pacific.takuu_moyle_taku1257,131,294,21
pacific.takuu_moyle_taku1257,157,294,29
pacific.takuu_moyle_taku1257,87,294,29
pacific.takuu_moyle_taku1257,27,294,20
pacific.takuu_moyle_taku1257,252,294,22
pacific.takuu_moyle_taku1257,117,294,21
pacific.tolo_crowley_tali1259,52,63,30
pacific.tolo_crowley_tali1259,46,63,22
pacific.tolo_crowley_tali1259,28,63,28
pacific.tolo_crowley_tali1259,47,63,31
pacific.tolo_crowley_tali1259,20,63,41
pacific.tolo_crowley_tali1259,51,63,36
pacific.tolo_crowley_tali1259,17,63,33
pacific.tolo_crowley_tali1259,14,63,38
pacific.tolo_crowley_tali1259,58,63,35
pacific.tolo_crowley_tali1259,7,63,40
pacific.tolo_crowley_tali1259,26,63,40
pacific.tolo_crowley_tali1259,59,63,27
pacific.tolo_crowley_tali1259,34,63,29
pacific.tolo_crowley_tali1259,62,63,30
pacific.tolo_crowley_tali1259,63,63,11
pacific.tolo_crowley_tali1259,61,63,29
pacific.tolo_crowley_tali1259,36,63,39
pacific.tolo_crowley_tali1259,49,63,35
pacific.tolo_crowley_tali1259,32,63,26
pacific.tolo_crowley_tali1259,11,63,37
pacific.toqabaqita_lichtenberk_toab1237,110,336,26
pacific.toqabaqita_lichtenberk_toab1237,27,336,23
pacific.toqabaqita_lichtenberk_toab1237,267,336,22
pacific.toqabaqita_lichtenberk_toab1237,117,336,22
pacific.toqabaqita_lichtenberk_toab1237,119,336,24
pacific.toqabaqita_lichtenberk_toab1237,145,336,24
pacific.toqabaqita_lichtenberk_toab1237,312,336,12
pacific.toqabaqita_lichtenberk_toab1237,64,336,19
pacific.toqabaqita_lichtenberk_toab1237,285,336,16
pacific.toqabaqita_lichtenberk_toab1237,304,336,5
pacific.toqabaqita_lichtenberk_toab1237,223,336,22
pacific.toqabaqita_lichtenberk_toab1237,20,336,17
pacific.toqabaqita_lichtenberk_toab1237,21,336,15
pacific.toqabaqita_lichtenberk_toab1237,187,336,17
pacific.toqabaqita_lichtenberk_toab1237,80,336,14
pacific.toqabaqita_lichtenberk_toab1237,29,336,22
pacific.toqabaqita_lichtenberk_toab1237,133,336,24
pacific.toqabaqita_lichtenberk_toab1237,316,336,17
pacific.toqabaqita_lichtenberk_toab1237,91,336,25
pacific.toqabaqita_lichtenberk_toab1237,169,336,17
pacific.uraklawoi_hogan_urak1238,32,58,50
pacific.uraklawoi_hogan_urak1238,49,58,61
pacific.uraklawoi_hogan_urak1238,42,58,56
pacific.uraklawoi_hogan_urak1238,9,58,60
pacific.uraklawoi_hogan_urak1238,8,58,61
pacific.uraklawoi_hogan_urak1238,7,58,66
pacific.uraklawoi_hogan_urak1238,1,58,39
pacific.uraklawoi_hogan_urak1238,46,58,61
pacific.uraklawoi_hogan_urak1238,31,58,48
pacific.uraklawoi_hogan_urak1238,16,58,65
pacific.uraklawoi_hogan_urak1238,56,58,53
pacific.uraklawoi_hogan_urak1238,41,58,50
pacific.uraklawoi_hogan_urak1238,19,58,54
pacific.uraklawoi_hogan_urak1238,11,58,58
pacific.uraklawoi_hogan_urak1238,10,58,59
pacific.uraklawoi_hogan_urak1238,58,58,16
pacific.uraklawoi_hogan_urak1238,13,58,68
pacific.uraklawoi_hogan_urak1238,38,58,54
pacific.uraklawoi_hogan_urak1238,28,58,56
pacific.uraklawoi_hogan_urak1238,22,58,60
pacific.wirangu_hercus_wira1265,17,38,24
pacific.wirangu_hercus_wira1265,25,38,26
pacific.wirangu_hercus_wira1265,26,38,25
pacific.wirangu_hercus_wira1265,1,38,13
pacific.wirangu_hercus_wira1265,16,38,24
pacific.wirangu_hercus_wira1265,33,38,22
pacific.wirangu_hercus_wira1265,19,38,22
pacific.wirangu_hercus_wira1265,23,38,29
pacific.wirangu_hercus_wira1265,36,38,22
pacific.wirangu_hercus_wira1265,18,38,23
pacific.wirangu_hercus_wira1265,3,38,27
pacific.wirangu_hercus_wira1265,24,38,26
pacific.wirangu_hercus_wira1265,22,38,26
pacific.wirangu_hercus_wira1265,15,38,29
pacific.wirangu_hercus_wira1265,13,38,30
pacific.wirangu_hercus_wira1265,11,38,25
pacific.wirangu_hercus_wira1265,9,38,26
pacific.wirangu_hercus_wira1265,2,38,27
pacific.wirangu_hercus_wira1265,35,38,27
pacific.wirangu_hercus_wira1265,37,38,22
pacific.yandruwandha_breen_yand1253,104,119,17
pacific.yandruwandha_breen_yand1253,117,119,17
pacific.yandruwandha_breen_yand1253,92,119,19
pacific.yandruwandha_breen_yand1253,46,119,22
pacific.yandruwandha_breen_yand1253,36,119,14
pacific.yandruwandha_breen_yand1253,4,119,9
pacific.yandruwandha_breen_yand1253,35,119,21
pacific.yandruwandha_breen_yand1253,26,119,17
pacific.yandruwandha_breen_yand1253,94,119,27
pacific.yandruwandha_breen_yand1253,84,119,14
pacific.yandruwandha_breen_yand1253,101,119,14
pacific.yandruwandha_breen_yand1253,86,119,14
pacific.yandruwandha_breen_yand1253,90,119,19
pacific.yandruwandha_breen_yand1253,72,119,19
pacific.yandruwandha_breen_yand1253,88,119,22
pacific.yandruwandha_breen_yand1253,66,119,18
pacific.yandruwandha_breen_yand1253,37,119,18
pacific.yandruwandha_breen_yand1253,83,119,24
pacific.yandruwandha_breen_yand1253,75,119,12
pacific.yandruwandha_breen_yand1253,34,119,19
pacific.yugambeh_sharpe_twee1234,96,144,17
pacific.yugambeh_sharpe_twee1234,68,144,18
pacific.yugambeh_sharpe_twee1234,69,144,11
pacific.yugambeh_sharpe_twee1234,43,144,17
pacific.yugambeh_sharpe_twee1234,65,144,13
pacific.yugambeh_sharpe_twee1234,140,144,18
pacific.yugambeh_sharpe_twee1234,100,144,18
pacific.yugambeh_sharpe_twee1234,9,144,18
pacific.yugambeh_sharpe_twee1234,80,144,20
pacific.yugambeh_sharpe_twee1234,28,144,17
pacific.yugambeh_sharpe_twee1234,144,144,2
pacific.yugambeh_sharpe_twee1234,22,144,17
pacific.yugambeh_sharpe_twee1234,120,144,17
pacific.yugambeh_sharpe_twee1234,8,144,18
pacific.yugambeh_sharpe_twee1234,55,144,22
pacific.yugambeh_sharpe_twee1234,25,144,27
pacific.yugambeh_sharpe_twee1234,85,144,20
pacific.yugambeh_sharpe_twee1234,30,144,21
pacific.yugambeh_sharpe_twee1234,60,144,17
pacific.yugambeh_sharpe_twee1234,47,144,13
