glottocode,longitude,latitude,avgmonth_wnd,minmonth_wnd,maxmonth_wnd
area1240,161.158,-9.20699,1.1666666666666667,1,1.4000000000000001
abua1244,6.61492,4.83057,2.225,1.8,2.5
adny1235,138.671,-30.1451,3.4333333333333336,2.5,4.3
adyg1241,39.33,44,3.1083333333333334,2.5,3.8000000000000003
afri1276,-1,53,4.458333333333333,3.9,5.1000000000000005
afri1274,30,-22,2.2666666666666666,1.5,3.1
agus1235,125.742,8.62731,1.475,1.3,1.7
ahte1237,215.111,61.7068,3.45,2.6,4.2
akan1250,-1.33254,6.34756,1.1333333333333333,0.8,1.4000000000000001
akaw1239,299.138,6.16277,2.1166666666666667,1.7,2.7
akha1245,100.964,21.2309,1.3583333333333334,1.2,1.7
akka1240,44.1,33.1,3.291666666666667,2.5,4.4
alab1237,265.37152000000003,30.76738,4.125,3.2,5
aleu1260,185.71,52.1228,3.466666666666667,3,4
amha1245,39.543456,11.708182,1.7833333333333334,1.6,2.1
anci1244,35.1725,31.7761,3.0583333333333336,2.4,3.5
anda1287,-5.2,36.54,4.775,4.4,5.3
anei1239,169.825,-20.1864,3.425,3.1,3.6
angg1239,139.457,-4.0836,2.3666666666666667,2,2.6
anma1239,133.286,-22.2853,3.341666666666667,2.8000000000000003,3.8000000000000003
anti1245,298.178137,17.068263,5.783333333333333,4.6000000000000005,6.8
anuf1239,0.56021,10.2839,1.5,1,2.1
aona1235,94.3824,26.3241,1.3083333333333333,0.9,2.1
arap1274,251.19,43.3879,3.8333333333333335,3.6,4.3
arik1262,260,45,4.991666666666667,4.5,5.8
arom1237,21.2,40.616,1.5916666666666668,1.3,1.9000000000000001
aros1241,161.432,-10.2441,1.4416666666666667,1.3,1.6
arta1239,121.656,16.4185,2.091666666666667,1.8,2.3000000000000003
assa1263,91.2932,26.0876,1.1166666666666667,0.7000000000000001,1.9000000000000001
assy1241,43,36.75,1.7750000000000001,1.3,2.2
ataa1240,122.9,9.715,2.533333333333333,1.7,3.7
atak1252,266.9173,30.9121,3.95,2.9,4.8
atay1247,121.388,24.5209,4.55,3.8000000000000003,5.5
aves1237,62.112,34.217,3.25,2.5,5
awap1236,145.714,-6.65534,3.7666666666666666,3.2,4.3
baba1267,103.076,1.75414,2.1750000000000003,1.7,3.3000000000000003
bada1257,76.5974,11.3094,3.091666666666667,2.4,3.8000000000000003
bafa1249,10.4518,5.84612,1.6166666666666667,1.3,2
bali1278,115.075,-8.35714,3.2583333333333333,2.7,3.7
bamb1269,-7.65,12.9,2.3833333333333333,1.6,2.9
bant1281,87.04738,27.12147,1.0166666666666666,0.5,1.5
bara1370,114.482,3.51211,1.5416666666666667,1.4000000000000001,1.7
bard1255,122.906,-16.6274,3.5500000000000003,2.5,4.4
basq1248,-1.31622,43.2787,3.575,3,4.1
nucl1418,-11.543,7.27501,2.875,2.3000000000000003,3.3000000000000003
bata1298,121.23,16.8266,2.216666666666667,2.1,2.3000000000000003
bayu1240,114.108,-23.3809,4.833333333333333,3.5,5.9
beij1234,116.1172766,39.9385466,2.6,1.8,3.5
beja1238,36.6666,17.2436,2.2666666666666666,2,2.8000000000000003
bela1256,27.8232,6.6503,1.4666666666666668,1.3,1.6
bela1254,25.6038,53.2307,3.6416666666666666,2.9,4.3
beli1257,29.7954,6.40428,2.166666666666667,2,2.3000000000000003
bell1243,233.311,52.3448,3.5583333333333336,2.8000000000000003,4.2
bemb1257,29.2993,-10.6122,1.625,1.1,2.2
beng1286,-4.23539,7.78122,0.9833333333333334,0.8,1.1
beng1280,90,24,1.4166666666666667,0.9,2.1
bero1242,8.81221,9.67037,3.6833333333333336,3,4
besi1244,101.676,2.717,1.575,1.4000000000000001,1.9000000000000001
biat1246,110.254,1.17596,1.3916666666666666,1.2,1.7
bini1246,5.70426,6.40701,2.0166666666666666,1.5,2.4
bisl1239,166.89,-15.4,2.7583333333333333,2.5,2.9
bang1354,17.227,-0.87437,0.6583333333333333,0.5,0.8
bodo1269,92,26.1,1.05,0.7000000000000001,1.9000000000000001
boko1266,3.71771,10.5189,2.041666666666667,1.5,2.8000000000000003
boko1267,3.80058,9.52724,1.9833333333333334,1.6,2.7
chim1302,281.1479,-1.36727,3.9333333333333336,3.5,4.4
bond1245,83.8141,19.1512,2.7583333333333333,1.9000000000000001,3.9
bong1285,27.9918,7.4145,1.3833333333333333,1.2,1.5
bora1271,37.882,1.05676,3.8083333333333336,3.1,4.7
bord1248,282.8336,7.92993,3.225,2.4,3.9
braz1246,-8.1,39.91,3.7083333333333335,3.2,4.1
bret1244,-3.78934,48.2452,4.716666666666667,4.1,5.2
bugh1239,159.802,-8.47948,0.9916666666666667,0.8,1.2
bulg1262,25.047,43.3646,2.1333333333333333,1.7,2.6
buli1254,-1.26748,10.5763,1.1833333333333333,0.8,1.5
nucl1310,93.9665,20.7926,1.4666666666666668,1,2
busa1253,4.39929,9.91074,1.9416666666666667,1.5,2.6
cahu1264,243.309,33.5324,3.925,3.4,4.5
caju1236,268.3867,29.6869,3.8583333333333334,2.8000000000000003,4.7
calo1236,0.6,41.424,3.416666666666667,2.9,3.9
cari1275,304.666832,5.722918,1.4583333333333335,1.2,1.7
caro1242,145.765,15.205,3.541666666666667,3,3.9
casi1235,121.878,16.2176,2.1750000000000003,1.9000000000000001,2.4
stan1289,1.569,41.453,3.625,3.1,4.1
cayu1262,294.51779999999997,-13.2482,2.941666666666667,2.4,3.5
cebu1242,124.367,8.38799,1.2416666666666667,1.1,1.4000000000000001
cent2127,198.514,60.3062,5.908333333333333,5.2,6.8
cent2292,120.92,17.08,2.5083333333333333,2.4,2.7
carr1249,235.672,54.3768,2.1750000000000003,1.8,2.5
sout2789,-2.52265,10.4226,1.3833333333333333,1.1,1.6
cent2050,13.13,11.8,2.75,2.3000000000000003,3.1
cent1989,105.015,12.0515,2.25,1.7,2.4
cent1972,45.8077,35.6539,2.041666666666667,1.5,2.5
mala1479,103,1.85856,2.191666666666667,1.7,3.4
cent1990,93.3921,7.94812,3.2,2.5,4.5
cent1973,69.4529,31.9153,1.5666666666666667,1.2,1.8
cent2128,189.728,63.4308,4.975,4.1,5.9
cent2131,252.846,27.5648,3.2083333333333335,2.8000000000000003,3.8000000000000003
chad1249,13.5,14.67,3.033333333333333,2.7,3.2
cham1312,144.74474,13.438011,3.2666666666666666,2.8000000000000003,3.5
chan1313,94.9536,26.4336,1.3833333333333333,0.9,2.1
chan1310,83.4488,28.684,2.441666666666667,1.9000000000000001,3
chek1238,159.625,-8.27055,1.05,0.8,1.3
chep1245,84.9017,27.7206,1.1666666666666667,0.5,1.7
cher1273,276.837,35.4664,3.6833333333333336,2.8000000000000003,4.5
chey1247,253.341,45.5321,4.458333333333333,4,5.1000000000000005
chip1241,265.7262,47.347,4.766666666666667,4.2,5.4
choc1276,271.5,32.25,3.166666666666667,2.4,4
cung1238,10.4104,6.59687,1.6833333333333333,1.4000000000000001,2.1
chuu1238,151.598607,7.346993,2.625,2,2.9
clas1250,263.03,19.72,3,2.4,3.5
clas1252,42.1432,37.1129,2.1833333333333336,1.8,2.6
clas1249,41.346422,38.592316,2.066666666666667,1.8,2.3000000000000003
coas1301,237.006,38.3285,4.358333333333333,3.3000000000000003,5.4
cent2087,123.403,13.7574,2.9,2.4,3.6
coma1245,259,34,5.8500000000000005,5,6.8
corn1251,-4.18619,50.5233,5.258333333333334,4.4,6.2
cree1270,272.5,31,3.6750000000000003,2.8000000000000003,4.4
czec1258,15.10437,49.873398,4.8,4,5.6000000000000005
port1286,168.046,-16.3083,2.9166666666666665,2.6,3.1
dagb1246,-0.43227,9.64745,1.4416666666666667,1,1.8
daka1243,168.013,-16.2696,2.9166666666666665,2.6,3.1
dako1258,263.42,45.86,5.383333333333334,4.7,6.2
dani1285,9.36284,54.8655,5.316666666666667,4.6000000000000005,6
dehu1237,167.229,-20.8892,3.475,3.2,3.7
tana1289,209.241,60.4712,3.375,3.1,3.8000000000000003
devo1240,-1,53,4.458333333333333,3.9,5.1000000000000005
dhal1245,114.937,-22.196,4.575,3.6,5.5
dhar1247,114.847,-24.0601,4.325,3.2,5.2
didi1258,33.6869,4.21489,2.2083333333333335,1.9000000000000001,2.5
dima1251,93.1806,25.4198,1.1833333333333333,0.8,2
diri1252,20.6678,-18.1681,1.0583333333333333,0.8,1.4000000000000001
djin1253,134.82,-12.462,3.0166666666666666,2.6,3.5
djiw1241,116.98858,-24.10724,3.525,2.9,4.1
doro1266,147.986,-9.56687,4.358333333333333,3.4,5.2
dutc1256,5,52,4.258333333333334,3.6,4.8
dzon1239,89.581604,27.410786,1.475,1.1,2.1
east2387,-11.7496,9.71107,3.225,1.3,4.3
huaa1248,20.79583,-24.20022,1.8583333333333334,1.5,2.3000000000000003
tang1336,94.3567,25.0489,1.5,1.1,2.2
nucl1235,45,40,2.15,1.6,2.8000000000000003
east2304,62,28,3.033333333333333,2,4.3
east2534,284.3861,62.1735,5.2250000000000005,4.6000000000000005,6
east2333,108.354,12.3939,2.45,2.1,2.8000000000000003
east2542,280.2497,45.0112,4.075,3.2,4.8
panj1256,75.6702,30.0368,1.5333333333333334,0.9,2.3000000000000003
east2295,19.42,51.75,3.3083333333333336,2.7,3.8000000000000003
efik1245,8.38121,4.89379,1.5666666666666667,1.3,1.7
egyp1246,30.834959,28.381735,4.1,3,5.2
egyp1253,31,31,3.0166666666666666,2.6,3.6
enga1252,143.685,-5.45619,3.4333333333333336,3.1,3.7
esan1238,6.33917,6.25685,2.1750000000000003,1.7,2.5
esse1265,-1,53,4.458333333333333,3.9,5.1000000000000005
esto1258,25.82,58.55,4.116666666666667,3.6,4.7
ewee1241,0.814975,6.46061,1.6833333333333333,1.3,1.9000000000000001
fiji1243,178.33,-18,3.791666666666667,3.5,3.9
fili1244,123.464,12.265,2.8333333333333335,2.3000000000000003,3.3000000000000003
finn1318,25.5577,64.7628,3.6166666666666667,3.3000000000000003,3.9
fore1270,145.5065,-6.64473,3.775,3.2,4.3
stan1290,2,48,4.116666666666667,3.5,4.8
futu1245,170.215,-19.5303,3.425,3.1,3.6
fuyu1242,147.312,-8.6371,4.333333333333334,3.5,5.1000000000000005
gaaa1244,-0.18598,5.65488,2.3000000000000003,1.8,2.7
gaam1241,33.9797,11.4674,2.0166666666666666,1.7,2.3000000000000003
gade1242,7.49869,8.71139,2.475,2.1,2.8000000000000003
gali1258,-7.5343,42.2446,4.083333333333334,3.5,4.7
gamb1252,-16.1544,13.5337,1.8250000000000002,1.2,2.3000000000000003
gand1255,32.15153,0.66884,2.566666666666667,2.4,2.7
gari1256,273.09090000000003,15.3529,6.108333333333333,5.2,6.9
garo1247,90.462,25.2954,1.375,0.9,2
gbar1246,7.10757,8.46411,2.275,1.9000000000000001,2.6
geda1237,145.781,-5.18175,3.0083333333333333,2.6,3.4
geez1241,40.6821,10.1342,1.725,1.4000000000000001,2.4
gela1263,160.186,-9.04587,1.05,0.8,1.3
nucl1302,43.78613,41.850397,2.3000000000000003,1.9000000000000001,2.8000000000000003
stan1295,12.4676,48.649,2.375,2,2.7
giky1238,0.56975,8.39478,1.375,1,1.8
gilb1244,173.64,0.179,1.8666666666666667,1.6,2.1
meso1252,43.1095,33.8178,2.9916666666666667,2.2,4
giry1241,39.6648,-3.30638,4.425,3.7,5
glav1244,13.8652,11.1334,2.666666666666667,2,3.2
goan1235,74.2098,15.2732,2.7083333333333335,2,4
goem1240,9.72453,8.74455,2.566666666666667,2.2,2.9
gras1249,147.437,-9.51218,4.333333333333334,3.3000000000000003,5.2
guar1292,298.3066,-15.8247,3.5166666666666666,2.7,4.3
guja1252,71.0962,22.687,3.1333333333333333,1.9000000000000001,5
gulf1241,47.5,30.17,3.6750000000000003,2.8000000000000003,5
gung1250,31.4819,2.06754,1.9416666666666669,1.8,2.1
gwer1238,33.8227,1.11392,2.466666666666667,2.3000000000000003,2.6
haaa1252,30.4894,-3.77873,2.5500000000000003,2.1,3.2
hais1244,231.398,53.964,3.7,3,4.6000000000000005
hait1244,287.863885,18.795135,3.033333333333333,2.6,3.5
hakk1236,116,25,2.1416666666666666,1.9000000000000001,2.3000000000000003
halh1238,106.28874,48.32397,2.625,1.8,3.9
haus1257,8.7804,11.1513,3.5,2.9,3.9
hava1248,246.615,35.6302,4.291666666666667,3.6,5
hawa1245,204.57,19.6297,4.891666666666667,4.5,5.2
hdii1240,13.6881,10.942,2.7666666666666666,2.1,3.3000000000000003
heil1246,232.779,51.7045,4.066666666666666,3,5
here1253,20.5655,-21.0231,1.4916666666666667,1.2,1.9000000000000001
hida1246,258,47.33,4.841666666666667,4.4,5.5
hili1240,122.974,10.4018,3.0083333333333333,2.2,4.2
hind1269,77,25,2.075,1.1,3.4
hind1270,78.91266666666667,20.558666666666667,2.1333333333333333,1.4000000000000001,3.2
hmon1333,103.164,21.5461,1.7083333333333335,1.4000000000000001,2
hmon1264,101.95,22.5638,1.6333333333333333,1.3,2
hooo1248,87.1188,23.9596,1.5416666666666667,1.1,1.9000000000000001
hoch1243,271.5,43.5,4.833333333333333,4,5.4
hung1274,19.6555271429,46.9068585714,2.816666666666667,2.4,3.3000000000000003
wyan1247,282.5,44.33,4.183333333333334,3.4,5
iban1264,112.934,2.09041,1.2,1.1,1.3
ibib1240,7.86688,5.15279,1.8416666666666668,1.5,2.1
icel1247,-19.0212,63.4837,6.433333333333334,4.9,7.7
nucl1417,7.23441,4.62705,2.1583333333333337,1.8,2.3000000000000003
ilok1237,120.993,15.9361,2.216666666666667,1.8,2.6
ipai1240,243.007,33.005,3.725,3.1,4.2
iqui1243,286.02954,-3.31233,1.6583333333333334,1.5,1.9000000000000001
iraq1241,35.2939,-4.19948,2.9916666666666667,2.6,3.8000000000000003
iris1253,-7.61509,53.2186,4.058333333333334,3.4,4.7
isim1234,35.42881,-3.423772,2.8833333333333333,2.4,3.7
isth1244,265.1556,16.4548,3.7833333333333337,2.8000000000000003,4.9
ital1282,12.6489,43.0464,2.775,2.2,3.3000000000000003
ixil1251,269.1065,15.4569,2.9,2.6,3.2
iyoj1235,296.7617,-22.1896,1.9666666666666668,1.6,2.5
izon1238,5.51702,5.17986,2.283333333333333,1.8,2.7
nucl1643,135,35,2.8666666666666667,2.6,3.2
java1254,109.287,-7.001,2.316666666666667,1.9000000000000001,2.8000000000000003
jeha1242,101.541,5.63695,1.9000000000000001,1.6,2.5
jewi1240,44.245,32.273,3.591666666666667,2.8000000000000003,4.7
jica1244,252.993,36.8079,4.325,3.7,5.3
djin1251,133.659,-17.165,2.691666666666667,2.1,3.1
jude1267,45,15,3.9833333333333334,3.3000000000000003,5.1000000000000005
kich1262,268.8304,14.5278,2.4250000000000003,2.1,2.7
cent2100,116.681,6.02998,2.0083333333333333,1.7,2.4
kala1397,144.585,-5.25216,3.325,3,3.6
kara1499,132.678,-3.47037,2.091666666666667,1.4000000000000001,3.2
kali1308,245.81,47.5825,3.275,2.8000000000000003,4
kamb1297,37.9532,-1.60827,3.4916666666666667,3.4,3.7
nucl1305,76.1198,13.5878,2.475,1.9000000000000001,3.4
kapi1249,154.797223,1.039166,2.1416666666666666,1.9000000000000001,2.5
kara1483,34.2761,2.45157,2.416666666666667,2.2,2.6
kash1277,74.330455,34.166825,1.375,1,1.7
newa1246,85.326,27.67,1.2,0.6,1.8
kato1244,236.568,39.7002,3.8083333333333336,3,4.6000000000000005
kati1270,70.9826,35.4145,2.55,2,3.1
kawi1241,111,-7,3.2333333333333334,2.4,4.2
kaza1248,71.454,51.17,4.016666666666667,3.1,4.9
khas1269,91.9998,24.977,1.2,0.8,1.9000000000000001
khmu1256,101.671,20.2463,1.5166666666666666,1.3,1.8
khot1251,79.04,38.33,1.7333333333333334,1.1,2.4
khwa1238,60.75,41.68,3.425,2.9,3.9
kili1268,244.877,30.5471,3.5,3.2,3.8000000000000003
ling1263,15.28532,-4.409174,1.0583333333333333,0.8,1.4000000000000001
kiny1244,29.6441,-1.56771,1.8166666666666667,1.7,1.9000000000000001
kips1239,35.258532,-0.35774,3.3666666666666667,2.8000000000000003,3.8000000000000003
kirg1245,74,42,2.075,1.5,2.5
klam1254,238.296,42.5861,3.166666666666667,2.7,3.6
miju1243,97.0444,28.4732,1.5083333333333333,1,2
koas1236,267.291,30.4096,3.95,2.9,4.8
kokb1239,91.4673,23.1916,1.4000000000000001,0.9,2.1
kore1280,126.98,37.54,2.2083333333333335,1.7,2.7
kosa1249,139.645,-4.06603,2.5083333333333333,2.2,2.8000000000000003
kosr1238,162.98,5.31,2.625,2,2.9
kuan1247,16.58,-17.7176,1.4166666666666667,1.2,1.7
kudm1238,87.33,25.92,1.1333333333333333,0.7000000000000001,1.6
kuku1273,145.188,-16.0036,4.541666666666667,3.5,5.3
kumb1268,152.913,-29.8189,3.55,3.1,4
kuru1301,86.46568,24.46442,1.4916666666666667,1,1.9000000000000001
kwai1243,160.965,-8.93744,1.1500000000000001,1,1.4000000000000001
kwak1269,232.692,50.9269,3.9333333333333336,2.8000000000000003,4.9
kwam1252,169.442,-19.5954,3.425,3.1,3.6
kwan1273,19.256,-17.9026,1.1666666666666667,1,1.4000000000000001
kwom1262,142.664,-4.08721,2.2583333333333333,2.1,2.4
kxoe1243,22.599835,-16.59051,1.4666666666666668,1.2,1.8
kyak1244,144.119,-5.52462,3.325,2.9,3.7
kate1253,147.757,-6.4795,3.3916666666666666,2.8000000000000003,3.9
komn1238,141.5878,-8.70216,4.283333333333333,3.3000000000000003,5.3
ladi1251,28.6632,41.205,3.475,2.8000000000000003,4.1
lako1247,256.05,46.3699,4.875,4.5,5.7
lamb1271,27.9026,-12.3366,1.2333333333333334,0.9,1.7
laoo1244,102.46,19,1.5083333333333333,1.3,1.7
lari1255,127.956,-3.76522,2.0833333333333335,1.7,2.7
late1255,35.195,32.276389,2.783333333333333,2.2,3.3000000000000003
lati1261,12.4502,41.9026,2.35,2,2.8000000000000003
amer1254,-1.11788,40.4414,3.6416666666666666,3.1,4.2
latv1249,24.309118,56.826108,3.95,3.3000000000000003,4.6000000000000005
lauu1247,160.872,-8.51018,1.0083333333333333,0.8,1.2
lega1249,27.1424,-3.83196,1.275,1.1,1.5
lada1244,80.6013,33.468,2.441666666666667,2,3
lena1238,169.261,-19.4763,3.4,3.1,3.6
lepc1244,88.5726,27.0869,1.0666666666666667,0.7000000000000001,1.6
nort3139,36.0468,34.1709,3.191666666666667,2.7,3.9
libe1247,-9.96128,6.92048,1.85,1.4000000000000001,2.5
limb1266,87.8859,27.2703,1,0.6,1.5
lisu1250,98.94,26.91,1.725,1.3,2.3000000000000003
lith1251,23.9601,55.1429,3.5,2.7,4.1
araw1276,303.0757,5.64295,2.2583333333333333,1.9000000000000001,2.7
lonw1238,168.016,-16.2286,2.9166666666666665,2.6,3.1
lopi1242,32.7534,4.6986,1.75,1.5,2.1
louu1245,147.346,-2.38659,2.4583333333333335,2.3000000000000003,2.7
loui1240,269.2525,30.0412,3.7833333333333337,2.8000000000000003,4.6000000000000005
lozi1239,24.7398,-17.7052,1.6666666666666667,1.3,2.1
lund1271,115.5,4.25064,1.9500000000000002,1.8,2.3000000000000003
luok1236,34.4896,-0.93296,2.9583333333333335,2.6,3.3000000000000003
lyci1241,29.764,36.517,2.466666666666667,2.1,2.8000000000000003
maay1238,43.6182,3.22288,2.716666666666667,2,3.6
mace1250,21.7932,41.5957,2.0416666666666665,1.7,2.7
maga1263,120.459,15.1954,2.4250000000000003,1.9000000000000001,2.7
magu1243,124.509,6.9453,1.6666666666666667,1.6,1.9000000000000001
maha1287,77.5317,31.0088,2.775,1.8,3.8000000000000003
mail1248,149.521,-10.3657,4.241666666666667,3.3000000000000003,5.1000000000000005
mait1250,86.2211,26.3817,0.9833333333333334,0.4,1.5
mala1533,102.262059,2.188087,1.8083333333333333,1.4000000000000001,2.7
mala1464,76.7651,9.59208,2.416666666666667,1.9000000000000001,2.8000000000000003
mala1522,286.5944,10.9286,4.191666666666666,3.4,4.8
male1292,292.59195,45.494475,3.8333333333333335,3.1,4.5
mali1284,152.214,-4.71826,2.4250000000000003,2.1,2.8000000000000003
malt1254,14.4508,35.8884,4.358333333333333,3.5,5.1000000000000005
mamb1296,31.2269,-8.86817,2.1833333333333336,1.4000000000000001,2.9
mamp1244,-0.74675,10.3884,1.2916666666666667,0.9,1.6
mand1413,83.6749,20.0962,2.575,1.6,3.7
mand1425,31.2327,5.83656,1.6166666666666667,1.5,1.8
mand1415,116.228,40.0209,2.566666666666667,1.8,3.4
mand1436,-15.6539466667,12.8165233333,1.5083333333333333,1,2
mang1401,225.03,-23.1095,3.908333333333333,3.8000000000000003,4
mani1292,93.3426,24.4409,1.3083333333333333,0.9,2
mans1262,126.181,6.79221,2.025,1.9000000000000001,2.5
manx1243,-4.45437,54.2604,5.658333333333333,4.6000000000000005,6.8
maor1246,176.541,-38.2881,2.158333333333333,1.9000000000000001,2.5
mapu1244,118.75,6.09061,1.8666666666666667,1.4000000000000001,2.6
mara1382,93.0387,22.1138,1.5083333333333333,1,2.2
mara1404,124.175,7.79414,1.5250000000000001,1.4000000000000001,1.7
mara1378,76.6665,17.9344,2.55,1.8,3.8000000000000003
mara1385,134.865,-14.7927,2.2583333333333333,1.7,2.7
mars1254,167.73,8.72,2.625,2,2.9
mart1256,123.66842240336,-23.350911655789,3.8833333333333333,3.5,4.3
masa1300,36.4573,-3.1419,2.816666666666667,2.3000000000000003,3.6
masb1238,123.63579,12.21453,2.7666666666666666,2.2,3.2
maya1287,267.1557966206964,17.423987813269193,3.375,2.7,3.9
mbay1241,15.7328,8.23066,1.4583333333333333,1.1,1.8
mbuk1240,22.5026,-17.6827,1.225,1,1.6
medi1245,281.4608,-1.04518,3.6083333333333334,3.3000000000000003,4
mele1250,168.275,-17.6841,3.025,2.7,3.2
mesk1242,271,44,4.575,3.8000000000000003,5.2
mexi1248,-1.11788,40.4414,3.6416666666666666,3.1,4.2
mikm1235,296,46,5.016666666666667,4.2,5.7
midd1344,108.9,34.27,1.7,1.4000000000000001,2
midd1317,-1.11,51.65,4.083333333333333,3.6,4.6000000000000005
midd1343,10.599,48.254,2.5166666666666666,2,3
midl1243,-1,53,4.458333333333333,3.9,5.1000000000000005
mind1253,119.5,26,2.7333333333333334,2.4,3.1
minn1241,118.17,24.5,3.0500000000000003,2.6,3.5
misi1243,152.696,-10.6821,3.591666666666667,2.9,4.3
misi1242,94.69,27.418,1.2750000000000001,0.7000000000000001,2.1
lush1249,92.6247,22.6138,1.375,0.9,2.1
mode1248,23.13,38.36,1.5166666666666666,1.2,1.7
hebr1245,35.0179,31.1056,3.0583333333333336,2.5,3.4
moki1238,159.776,6.65651,2.625,2,2.9
monn1252,98.122465,15.49394,0.8500000000000001,0.6,1.1
moro1292,-7.5,32.5,2.6833333333333336,2.1,3.1
luxe1241,6.14931,49.6839,3.691666666666667,3.1,4.2
mota1237,167.690924,-13.835361,2.45,2.2,2.6
mudb1240,132.329,-16.7694,2.4333333333333336,1.9000000000000001,2.7
muna1247,122.541,-5.40419,2.3916666666666666,2,3
mund1320,85.85,23.03,1.6,0.9,2.3000000000000003
mung1266,10.0294,5.89752,1.825,1.5,2.4
muru1266,146.546,-28.9618,3.025,2.3000000000000003,3.7
mush1238,42.6626,0.00689,3.7333333333333334,3.1,4.3
mwag1236,8.96522,9.47205,3.5583333333333336,2.9,3.9
misk1235,275.7058,15.1576,7.125,6.1000000000000005,7.9
sout2856,168.377,-17.7006,3.025,2.7,3.2
naka1262,150.888,-5.59931,2.791666666666667,2.3000000000000003,3.2
nanc1247,93.3921,7.94812,3.2,2.5,4.5
nand1266,35.408478,0.793737,3.1833333333333336,2.5,3.7
naro1249,20.7458,-22.0939,1.6666666666666667,1.3,2.1
yong1270,100.9,27.8,1.8916666666666668,1.4000000000000001,2.7
nava1243,250.62,36.33,4.158333333333333,3.3000000000000003,5.1000000000000005
ncan1245,10.5312,6.50696,1.7583333333333333,1.5,2.1
ndau1241,33.1739,-20.1239,2.6,2.1,3.2
ndon1254,17.35,-17.22,1.3416666666666668,1.1,1.6
nenn1238,142.032,-8.62183,4.291666666666667,3.3000000000000003,5.3
neng1238,167.964,-21.5305,3.6083333333333334,3.3000000000000003,3.8000000000000003
nucl1706,48.8128,31.3443,2.591666666666667,1.8,3.6
nepa1254,85,28,1.4000000000000001,0.8,1.9000000000000001
nezp1238,243.592,46.3073,3.791666666666667,3.3000000000000003,4.5
ngaa1240,127.602,-25.7514,3.875,3.1,4.5
ngal1292,133.936,-13.9783,2.15,1.7,2.5
ngan1295,134.649,-12.8448,2.75,2.3000000000000003,3.2
ngar1288,129.0308,-21.0231,3.0083333333333333,2.7,3.4
yann1237,134.877,-12.0853,3.158333333333333,2.7,3.7
niue1239,190.14,-19.06,5.641666666666667,5.3,6.3
nort2943,216.23,69.582,3.408333333333333,3,3.9
nort2697,46.4737,40.97768,2.0500000000000003,1.8,2.3000000000000003
nort2671,22.1113,68.725,2.8833333333333333,2.5,3.5
nort2952,239.355,40.4102,3.316666666666667,2.7,4
nort2875,121.454,15.6913,2.1083333333333334,1.8,2.4
nort2810,-8.1409,5.17103,1.9000000000000001,1.1,2.5
nort2646,71.33,34,1.2833333333333334,0.9,1.7
nort2740,100.20739,18.857495,0.8166666666666667,0.5,1.1
tosk1239,20,41,1.925,1.7,2.2
nort2690,69.211,40.886,2.775,2.5,3.2
yaki1237,239.244,46.2655,3.5166666666666666,3.1,4
nort2961,272.2138,51.6192,3.85,3.5,4.5
norw1258,10.71,59.92,3.975,3.4,4.3
nuer1246,32.3829,8.13911,2.091666666666667,1.7,2.8000000000000003
nugu1241,133.908,-31.9899,4.383333333333334,3.4,5.2
nung1283,104.286,20.8965,1.825,1.5,2.1
nupe1254,5.40031,9.18404,1.9333333333333333,1.6,2.4
nuuc1236,233.33,49.67,4.816666666666666,3.8000000000000003,5.4
nyan1308,32.8108,-14.8047,2.0083333333333333,1.4000000000000001,3
nyan1307,30.548,-0.46364,2.0166666666666666,1.8,2.2
nyol1238,33.9181,0.88072,2.466666666666667,2.3000000000000003,2.6
nzim1238,-2.81123,5.1785,1.6,1.4000000000000001,1.9000000000000001
oriy1255,85,21,2.6416666666666666,1.6,4
oksa1245,142.177,-5.20797,2.691666666666667,2.5,2.9
oldb1248,-3.78934,48.2452,4.716666666666667,4.1,5.2
oldc1244,114.32,36.12,2.533333333333333,1.9000000000000001,3.3000000000000003
olde1238,-1.31,51.06,4.166666666666667,3.6,4.7
oldf1239,1.11,48.8,4.158333333333333,3.6,4.7
oldk1249,103.866667,13.4125,1.6500000000000001,1.4000000000000001,1.9000000000000001
oldn1244,10.38,63.42,4.625,3.6,5.7
oldn1245,31.748657,18.760713,3.125,2.7,3.5
olds1249,-3.9,41.5,3.25,2.9,3.6
orok1265,143.12819,49.36393,3.9,3.1,4.5
orok1267,145.34,-7.81309,3.9000000000000004,3.1,4.7
osag1243,263.7051,36.7828,5.008333333333334,4.4,5.9
paok1235,97.5969,20.211,0.9833333333333334,0.7000000000000001,1.4000000000000001
paam1238,168.23693,-16.47548,2.8583333333333334,2.6,3
pait1244,93.6136,24.0381,1.3833333333333333,0.9,2.1
paiw1248,120.806,22.3271,4.183333333333334,3.6,5.1000000000000005
pala1344,134.476678,7.34138,2.325,2.1,2.5
pali1273,82.251,24.5271,1.6583333333333334,0.9,2.9
phal1254,71.8421,35.5096,2.0500000000000003,1.6,2.6
pamp1243,120.502,14.9603,2.408333333333333,1.9000000000000001,2.7
pang1290,120.365,15.9377,2.4250000000000003,1.9000000000000001,2.9
papi1253,290.06012,12.48485,6.075,4.9,6.8
pedi1238,29.471800000000002,-24.7993,1.925,1.5,2.7
penn1240,283.6789,40.030507,4.133333333333334,3.3000000000000003,4.9
pidg1254,235,55,1.925,1.6,2.3000000000000003
pint1250,130.643,-23.2963,3.041666666666667,2.3000000000000003,3.6
plai1258,249.537,51.2437,4.608333333333333,4.2,5.1000000000000005
plat1254,47.1211,-19.5907,1.875,1.6,2.3000000000000003
plau1238,250.646132,49.578028,5.2250000000000005,4.6000000000000005,5.6000000000000005
pnar1238,92.2628,24.8237,1.1916666666666667,0.8,1.9000000000000001
pohn1238,158.223,6.87212,2.625,2,2.9
pola1255,14,52,3.8916666666666666,3.2,4.6000000000000005
poli1260,18.6255,51.8439,3.166666666666667,2.5,3.7
port1283,-8.1,39.91,3.7083333333333335,3.2,4.1
powh1243,282.79248,36.99422,4.033333333333333,3.4,4.7
pula1263,-13.4482,13.8694,1.3666666666666667,0.9,1.7
pulu1242,149.2005,7.35695,3.2666666666666666,2.8000000000000003,3.5
rabh1238,91.1689,25.8248,1.325,0.9,2
rade1240,108.41,12.979,2.341666666666667,2,2.7
ralu1237,152.114,-4.30986,2.3083333333333336,2,2.7
reel1238,30.49451,6.32234,1.9500000000000002,1.8,2.1
rend1243,37.3608,2.27065,3.625,3,4.3
renn1242,160.265,-11.6237,1.9000000000000001,1.7,2.1
rita1239,135.259,-13.4559,2.9000000000000004,2.5,3.3000000000000003
roma1327,24.2256,46.3913,1.6333333333333333,1.2,2.3000000000000003
romb1245,122.56,12.4047,3.0583333333333336,2.3000000000000003,3.9
rong1269,120.702,-8.84604,3.2416666666666667,2.7,3.8000000000000003
rotu1241,177.066,-12.5008,3.6583333333333337,3.4,3.8000000000000003
rovi1238,157.408,-8.20493,1.1083333333333334,0.9,1.4000000000000001
rung1259,116.743,6.83989,1.8583333333333334,1.5,2.2
russ1263,50,59,3.716666666666667,3,4
sgaw1245,97.7126,17.9872,0.8833333333333333,0.6,1.4000000000000001
saaa1240,161.467,-9.60258,1.2166666666666668,1,1.4000000000000001
saba1279,45.35,15.42,3.9000000000000004,3.1,5.1000000000000005
sadr1248,84.8114,23.6585,1.5750000000000002,0.9,2.2
samo1305,188.17,-13.92,5.766666666666667,5.4,6.4
sanb1242,281.6925,9.15686,3.3666666666666667,2.5,4.4
sana1295,44.8412,15.6552,3.8583333333333334,3.1,5
sang1328,20.1702,6.78584,0.7083333333333334,0.5,1
sans1269,77,20,2.1083333333333334,1.2,3.3000000000000003
sant1410,87.8185,25.0317,1.3416666666666668,1,1.7
sanz1248,47.5667,41.97796,2.5,2.3000000000000003,2.9
saur1248,77.9427,9.99172,2.85,2.2,3.4
savo1255,159.814,-9.12853,1.1833333333333333,1,1.4000000000000001
scot1243,-3.710133,55.886945,4.375,3.7,5
scot1245,-5.24366,56.7574,5.058333333333334,4.2,5.7
sele1250,147.234,-6.03532,3.4333333333333336,2.9,3.9
sema1266,101.477,4.13257,1.7,1.5,2
semb1240,116.799,4.22102,1.825,1.7,2.1
sene1264,282.47,42.56,4.575,3.7,5.4
sout1528,18.81,44.15,3.0166666666666666,2.5,3.6
shan1277,98.0342,21.5995,1.1,0.8,1.5
shan1293,121.475372,31.222902,2.966666666666667,2.7,3.3000000000000003
shat1244,29.7687,10.8525,1.775,1.2,2.4
shek1244,35.3922,7.27424,1.5333333333333334,1.4000000000000001,1.9000000000000001
shil1265,31.7926,9.85472,2.475,1.7,3.8000000000000003
shon1251,29.75725,-17.20849,2.2583333333333333,1.9000000000000001,3
shos1248,244,41,4.283333333333333,4,4.7
sici1248,14.0414,37.5735,4.325,3.4,5.2
sida1246,38.3729,6.74176,1.3416666666666668,1.1,1.7
siee1239,169.166,-18.8181,3.275,3,3.5
sina1266,147.861,-9.79791,4.333333333333334,3.3000000000000003,5.2
sind1272,69,26,2.175,0.9,4.1
sing1272,-1,53,4.458333333333333,3.9,5.1000000000000005
sinh1246,81,8,3.6083333333333334,2.3000000000000003,4.9
slov1269,18.78479,48.545705,3.041666666666667,2.6,3.5
slov1268,14.7766,46.2543,2.566666666666667,2.2,3
soma1255,45.152856,4.778704,3.041666666666667,2.2,4.2
sora1254,84.19,19.1213,3.0666666666666664,2.1,4.3
sout3283,-1,53,4.458333333333333,3.9,5.1000000000000005
koon1244,14.4771,-5.57722,1.25,1,1.5
sout2859,168.211,-16.2975,2.8583333333333334,2.6,3
raro1241,200.22,-21.23,4.575,4.5,4.8
sout2668,72.1702,33.2122,0.9833333333333334,0.5,1.4000000000000001
kach1280,97.3278,25.4634,1.2083333333333333,0.8,1.7
sout2807,27.89,-28.78,2.5166666666666666,1.9000000000000001,3.3000000000000003
sout2832,28.0613,8.81115,1.6166666666666667,1.3,2
stan1288,-1.11788,40.4414,3.6416666666666666,3.1,4.2
squa1248,236.986,49.3231,3.466666666666667,3,3.9
stan1318,43.8525,27.9625,3.625,2.7,4.6000000000000005
indo1316,109.716,-7.33458,2.4833333333333334,2,3
stan1306,101.699,3.08896,1.4500000000000002,1.3,1.7
suau1242,150.21,-10.6606,4.258333333333334,3.3000000000000003,5.1000000000000005
suda1236,33.3179,17.8021,2.541666666666667,2.2,2.9
sume1241,45.6667,31.3,3.9916666666666667,3.2,5.3
sund1252,107.106,-6.89708,2.4583333333333335,2.3000000000000003,2.7
surs1246,152.768,-3.99078,2.2416666666666667,2,2.6
suss1239,-1,53,4.458333333333333,3.9,5.1000000000000005
swah1253,37.624,-8.25605,2.9333333333333336,2.1,3.7
swat1243,31.5,-26,2.041666666666667,1.6,2.5
swed1254,17.389526,59.800634,3.958333333333333,3.5,4.3
taga1270,121.747,14.06,2.3333333333333335,1.7,3.2
tahi1242,210.55,-17.6485,4.558333333333334,4.4,4.7
taid1250,103.570496667,21.84898,1.6333333333333333,1.4000000000000001,1.9000000000000001
tain1252,99.722,21.7837,1.2833333333333334,1,1.6
taku1257,157.032085,-4.773094,1.375,1.2,1.7
tali1258,29.9494,0.676185,1.475,1.3,1.6
tali1259,160.231,-9.76764,1.3833333333333333,1.2,1.6
malo1243,167.16,-15.6835,2.6833333333333336,2.4,2.9
tami1289,78.825989,10.520219,3.2083333333333335,2.3000000000000003,4
tamp1252,-1.35467,9.75577,1.2833333333333334,0.9,1.6
tana1290,216.662,63.4046,3.575,3.2,4.1
nucl1696,11.3228,9.75444,2.725,2.3000000000000003,3.1
tang1348,153.611,-4.08824,2.0083333333333333,1.8,2.3000000000000003
tari1263,-3.430616,34.916974,3.5833333333333335,3.2,4.1
tata1255,49.11577,55.79592,3.65,3,4
taus1251,118.88,5.12236,1.8666666666666667,1.6,2.3000000000000003
diga1241,96.8803,28.4993,1.675,1.2,2.2
tbol1240,124.538,6.20377,1.9833333333333334,1.9000000000000001,2.1
tean1237,166.868,-11.6752,2.091666666666667,1.8,2.3000000000000003
tedi1235,93.519,23.6079,1.4916666666666667,1,2.1
teee1242,7.37553,4.73213,2.0083333333333333,1.7,2.2
tele1256,141.731,-5.07444,2.85,2.7,3
telu1262,78.7024,16.4529,2.541666666666667,1.7,4.2
temi1246,101.438,4.974,1.9416666666666667,1.6,2.4
teop1238,154.971,-5.67474,2.0583333333333336,1.8,2.3000000000000003
tere1278,155.745,-6.70051,1.5750000000000002,1.3,1.9000000000000001
tetu1245,125.528,-9.11217,3.6583333333333337,2.8000000000000003,4.7
thai1261,100.671,14.192,1.6333333333333333,1.2,2
thao1240,120.93,23.8333,4.383333333333334,3.7,5.3
thay1249,142.034,-14.8159,2.575,1.8,3.6
thom1243,239.807,50.1668,2.475,2.1,2.8000000000000003
tibe1272,90.1872,28.3681,2.25,1.8,2.8000000000000003
tigr1271,38.9266,15.3359,3.025,2.6,3.4
tiko1237,168.822,-12.2766,2.091666666666667,1.8,2.3000000000000003
tiri1258,165.792,-21.8147,3.6,3.3000000000000003,3.8000000000000003
tivv1240,9.26287,6.88039,1.85,1.6,2.1
tiwi1244,130.949,-11.6308,3.375,2.9,4
toab1237,160.619,-8.39233,0.9666666666666667,0.7000000000000001,1.2
toar1246,146.206,-8.07231,3.966666666666667,3.1,4.8
toho1245,248.005,31.7973,3.5500000000000003,3.3000000000000003,3.9
tokp1240,147.303,-9.41971,4.316666666666666,3.3000000000000003,5.2
toke1240,188.219167,-9.227642,5.725,5.3,6.4
tong1325,184.75,-21.17,6.066666666666666,5.6000000000000005,6.8
tonk1249,263.25,30.25,4.45,3.7,5.3
toto1302,88.975,26.67,1.1500000000000001,0.7000000000000001,1.7
trin1276,298.5829,10.4208,2.5083333333333333,2,3.2
tson1249,31.8105,-23.5754,1.8416666666666668,1.3,2.5
tswa1253,24.7587,-24.368,1.5916666666666668,1.2,2.1
tuam1242,213.678245,-16.17259,4.508333333333334,4.4,4.7
tulu1258,75.2651,12.8114,2.45,2,2.9
tumu1242,-1.79707,10.63451,1.2666666666666668,0.9,1.5
tuni1252,267.4597,30.9888,3.875,2.9,4.7
turk1308,35.7101,4.30688,2.841666666666667,2.5,3.1
nucl1301,32.8667,39.8667,2.325,1.9000000000000001,2.7
turk1304,59.17574,37.08719,2.6750000000000003,2.3000000000000003,3
tuva1244,179.198088,-8.520813,3.6583333333333337,3.4,3.8000000000000003
tuvi1240,94.36667,51.7,1.3583333333333334,0.7000000000000001,2.3000000000000003
tuwa1243,121.113,16.6646,2.2416666666666667,2.1,2.4
twee1234,153.286993,-28.028726,4.325,3.8000000000000003,4.7
tzot1259,267.26120000000003,16.6362,3.2666666666666666,2.6,3.9
ugar1238,35.78,35.6,3.7666666666666666,2.8000000000000003,4.6000000000000005
uigh1240,87.38,43.88,2.408333333333333,1.2,3.4
ukra1253,29.945,49.796,2.908333333333333,2.4,3.4
ulst1239,-3.710133,55.886945,4.375,3.7,5
unam1242,285.7,40.4,5.05,4.3,5.8
uppe1439,236.831,46.7981,3.5583333333333336,3.1,3.8000000000000003
uppe1395,14.4098,51.2403,4.608333333333333,3.7,5.5
urak1238,99.0768,7.5258,1.95,1.4000000000000001,2.4
urdu1245,67,25,2.9,1.7,4.3
urho1239,5.86148,5.31155,2.25,1.8,2.6
urip1240,167.34643,-16.00951,2.7666666666666666,2.5,3
utes1238,249.695,40.0965,4.033333333333333,3.3000000000000003,4.6000000000000005
vend1245,29.9523,-22.188,2.3333333333333335,1.5,3.2
viet1252,105.774071,20.681188,1.825,1.5,2.1
vure1239,167.451412,-13.905677,2.45,2.2,2.6
wamp1249,286.6852,41.705,4.533333333333333,3.8000000000000003,5.2
wamp1247,146.662,-6.67364,3.5583333333333336,2.9,4.2
wand1263,135.705,-14.2996,2.875,2.4,3.3000000000000003
wara1303,300.6472,7.50851,2.375,2,2.9
wara1300,125.012,11.4911,1.9583333333333335,1.7,2.4
wari1262,116.927,-24.353,3.716666666666667,3.1,4.3
warl1254,131.05,-20.1008,2.9916666666666667,2.7,3.5
wels1247,-4,52,5.4,4.3,6.5
wers1238,124.932,-8.33936,3.5083333333333333,2.7,4.5
west2721,36.7365,8.81391,1.05,0.9,1.3
west2599,143.73,-6.32097,3.591666666666667,3.1,4
west2630,287.3489,46.1381,3.466666666666667,2.8000000000000003,3.9
west2615,249.877,33.8574,3.9916666666666667,3.4,4.9
west2555,124.825,7.6682,1.4416666666666669,1.4000000000000001,1.6
west2618,263.852,64.3486,5.825,5,6.7
west2369,53.3,32.9,2.075,1.2,2.9
vlaa1240,3.11345,51.0754,5.116666666666667,4.3,5.8
west2354,5.86091,53.143,4.925000000000001,4.1,5.6000000000000005
west2624,261.2289,21.3711,2.7,2.4,3.3000000000000003
west2763,36.484,33.8162,3.4833333333333334,2.9,4.1
west1510,257.475,50.5664,4.4750000000000005,4,4.8
west2386,75.3474,30.0948,1.4833333333333334,0.8,2.3000000000000003
west2420,82.7348,28.6521,1.7666666666666666,1.1,2.4
west2452,-12.3331,8.90294,3.7333333333333334,2.5,4.4
sanj1284,263.4033,17.0332,3.0166666666666666,2.5,3.6
west2443,143.6694397,-34.13829932,2.7,2.1,3.2
wikm1247,141.81611,-13.98051,2.783333333333333,2,3.7
wilt1234,-1,53,4.458333333333333,3.9,5.1000000000000005
wira1265,134,-32,4.208333333333333,3.3000000000000003,5
wole1240,143.916,7.37957,3.2666666666666666,2.8000000000000003,3.5
nucl1347,-15.383,15.2534,1.5916666666666668,1.1,2
wuch1236,119.682,29.8621,2.5,2.3000000000000003,2.8000000000000003
nung1290,135.753,-14.2623,2.875,2.4,3.3000000000000003
xhos1239,28.0769,-31.0389,2.825,2.3000000000000003,3.5
xara1244,165.996,-21.7034,3.6583333333333337,3.4,3.8000000000000003
yabe1254,147.81,-6.67052,3.4,2.8000000000000003,4
yaga1260,145.388,-6.32432,3.65,3.1,4.1
yaka1277,122.021729,6.531023,2,1.9000000000000001,2.1
yana1271,238.392,39.2769,3.4916666666666667,2.8000000000000003,4.3
yand1253,140.583,-28.4744,3.9333333333333336,3.1,4.7
yank1247,133.577,-26.4064,3.8333333333333335,2.8000000000000003,4.5
yaoo1241,35.2387,-13.6119,3.15,2.6,3.7
yape1248,138.125,9.55811,2.325,2.1,2.5
yaqu1251,249.319,29.9446,3.0666666666666664,2.7,3.5
yeyi1239,23.6088,-18.9178,1.5583333333333333,1.4000000000000001,2
ying1247,115.58,-25.4446,4.416666666666667,3.4,5.2
yiry1245,141.767,-15.1117,2.6166666666666667,1.9000000000000001,3.5
yoga1237,121.718,16.7015,2.091666666666667,1.8,2.2
yort1237,145.01,-35.9,2.841666666666667,2.2,3.4
yoru1245,3.67225,7.15345,2.0583333333333336,1.5,2.5
yuca1254,271.0433,18.7757,2.9166666666666665,2.5,3.7
yuec1235,113,23,2.0166666666666666,1.7,2.2
gami1243,149.543,-29.9037,2.7333333333333334,2.1,3.4
yama1264,291.7352,-55.2748,4.25,3.2,5.4
zand1248,26.7157,4.62047,1.1916666666666667,1,1.4000000000000001
zigu1244,38.41138,-5.61864,3.2416666666666667,2.6,3.6
zulu1248,30.2,-28.9,2.45,2,3.1
zuni1245,251.218,35.0056,4.15,3.5,5.1000000000000005
ayiw1239,166.328715,-10.282595,1.8666666666666667,1.6,2.1
