glottocode,longitude,latitude,avgmonth_tmp,minmonth_tmp,maxmonth_tmp,avgmonth_pre,minmonth_pre,maxmonth_pre
area1240,161.158,-9.20699,25.42944483757019,24.6100004196167,26.206667073567708,269.4425052324931,186.3966730117798,385.7100092569987
abua1244,6.61492,4.83057,25.523055908415053,24.240000279744468,26.983333651224772,204.66361406654534,31.49333400055766,381.01666870117185
adny1235,138.671,-30.1451,18.6911114136378,9.693333498636882,27.13000030517578,21.066667105443774,15.01333340803782,29.20333402752876
adyg1241,39.33,44,11.417222423520352,1.4466666623950004,21.496667035420735,89.32027930749787,72.51333510080974,117.25666980743408
afri1276,-1,53,9.143611275052859,3.4166667540868123,15.796667003631592,59.21750096744961,53.033333492279056,67.99000132878622
afri1274,30,-22,22.374167047606573,15.80333366394043,27.103333536783854,29.865556034114622,0.8266666700442633,63.54000122075279
agus1235,125.742,8.62731,26.288889286253188,25.010000483194986,27.520000330607097,249.93806047969395,189.133336130778,383.290007909139
ahte1237,215.111,61.7068,-2.75638894604312,-17.896666940053304,11.976666863759359,73.11388996971978,45.126667467753094,112.1966677347819
akan1250,-1.33254,6.34756,26.36333368089464,24.820000394185385,27.85000025431315,120.02694645186679,17.700000333040958,213.9466697692871
akaw1239,299.138,6.16277,24.429167053434583,23.536667188008625,25.19666690826416,189.3086144341363,102.97333536148071,323.69333801269534
akha1245,100.964,21.2309,21.83083374235365,16.840000438690186,24.946666844685872,119.57222407518161,14.893333642681439,282.8866714477539
akka1240,44.1,33.1,22.810278177261353,9.973333501815796,34.89000078837077,13.19388916304128,0,28.79000040690104
alab1237,265.37152000000003,30.76738,19.351389159096613,8.990000152587891,28.130000368754068,102.51416857242585,84.01666838328043,138.98000297546386
aleu1260,185.71,52.1228,3.3158333914975326,-0.9866666860878469,8.876666800181072,109.75777946578131,67.10666732788086,164.70000228881835
amha1245,39.543456,11.708182,20.68722259203593,17.843333752950034,23.713333702087404,67.9275011750766,13.47000013391177,213.51333821614583
anci1244,35.1725,31.7761,18.355555917157066,10.113333590825398,25.396667162577312,40.16333402672576,0,119.35666910807292
anda1287,-5.2,36.54,14.72194469637341,8.120000171661378,23.116667048136392,66.9127788276929,9.176666840414205,126.19666772882142
anei1239,169.825,-20.1864,22.393611473507352,19.80666707356771,24.993333689371745,162.4036140759786,87.04666786193847,286.5166727701823
angg1239,139.457,-4.0836,18.454444795184664,17.676666831970216,18.906666946411132,268.8161163330078,229.71333541870118,322.38667348225914
anma1239,133.286,-22.2853,22.355000297228493,13.416666825612387,29.406667073567707,28.443611648430426,8.973333492378394,62.73666849533716
anti1245,298.178137,17.068263,26.582500378290813,24.963333638509116,28.006666946411134,87.23583472304874,36.793333784739175,141.326668548584
anuf1239,0.56021,10.2839,28.150000354978772,26.023333740234374,31.426667086283366,90.33555751471884,0.10666666751106581,236.56000467936198
aona1235,94.3824,26.3241,21.786111439598933,15.003333473205567,26.11333376566569,162.53305830624367,13.260000141461692,391.89667154947915
arap1274,251.19,43.3879,5.989722325859798,-7.743333462874094,20.0233336130778,18.990000305987067,6.253333373864492,47.05000082651774
arik1262,260,45,7.105000161131223,-10.19000015258789,23.2966672261556,33.72583389309131,6.700000062584877,76.60000203450521
arom1237,21.2,40.616,9.407222353397973,-0.7100000177820525,19.00333366394043,60.3488901697927,35.66000096003214,88.93333517710367
aros1241,161.432,-10.2441,25.846111498938665,25.300000381469726,26.506667137145996,271.5613939550188,201.51000385284425,364.89667053222655
arta1239,121.656,16.4185,24.299444850285848,21.90333366394043,26.06666704813639,240.20917117065855,98.37000195185344,419.3000111897787
assa1263,91.2932,26.0876,24.108611477745903,16.720000330607096,28.61666711171468,180.22805927052266,7.483333568523327,446.49334004720055
assy1241,43,36.75,19.337500254064796,6.43666677971681,32.9100004196167,46.99000086055862,0,91.86666895548503
ataa1240,122.9,9.715,26.537500397364298,25.490000534057618,27.70000031789144,174.27916935384275,24.203334061304727,331.5533386230469
atak1252,266.9173,30.9121,19.308611418141258,9.090000184377034,27.906667073567707,116.0980573259501,97.163334274292,148.17666969299316
atay1247,121.388,24.5209,18.90027815500895,12.316666920979818,24.99000047047933,168.07722486919826,76.73000113169353,280.206671778361
aves1237,62.112,34.217,15.183055783125262,2.2166666999459266,27.93666712443034,23.0955558915726,0,62.9166675567627
awap1236,145.714,-6.65534,19.475833728578355,18.376667149861653,20.32000052134196,178.0955585691664,91.97333482106527,246.89000498453777
baba1267,103.076,1.75414,26.867222584618464,26.09666697184245,27.59333388010661,196.92694760958355,155.42000198364258,240.60000330607096
bada1257,76.5974,11.3094,21.548055929607816,19.803333536783853,24.380000241597493,121.03305760924187,13.476667052755754,288.50333913167316
bafa1249,10.4518,5.84612,19.46666702164544,18.093333625793456,21.32333386739095,182.79666934590784,10.063333463668823,392.0100036621094
bali1278,115.075,-8.35714,24.433611498938667,23.446667035420734,25.0233336130778,189.4316698603539,53.9566682331264,377.06333923339844
bamb1269,-7.65,12.9,27.936667082044814,24.646667035420737,32.03333377838135,71.99250129467498,0,258.87000528971356
bant1281,87.04738,27.12147,17.12555587026808,9.450000190734864,21.83666706085205,173.43083657080103,13.12666677236557,563.95001220703125
bara1370,114.482,3.51211,26.19277809990777,25.593333625793456,26.813333638509114,262.59389312532215,208.02666956583658,361.39000345865884
bard1255,122.906,-16.6274,27.13611153496636,22.29000040690104,30.120000330607095,56.78388954866677,1.0600000185271106,212.99000193277996
basq1248,-1.31622,43.2787,12.308889100286695,5.696666781107584,19.620000330607095,98.35000146627426,56.03333441416423,131.2700017293294
nucl1418,-11.543,7.27501,26.44611146714952,25.206667137145995,27.703333791097005,262.3672275490024,12.3833335198462,608.4366811116537
bata1298,121.23,16.8266,24.226944822735256,21.910000228881835,26.01666692097982,212.49111514555082,35.8200006087621,419.796674601237
bayu1240,114.108,-23.3809,23.750278155008953,16.883333683013916,30.12333386739095,22.18194479983714,2.486666703472535,46.106667176882425
beij1234,116.1172766,39.9385466,12.076111326511535,-4.213333404064178,26.396667098999025,41.22722291735312,2.1000000315407914,153.70000203450522
beja1238,36.6666,17.2436,27.52638931804233,21.826667086283365,31.8966672261556,7.914444576804009,0,36.133333921432495
bela1256,27.8232,6.6503,26.712778165605332,25.306667137145997,29.000000445048013,100.72000173373769,0.9166666847964129,211.60667037963867
bela1254,25.6038,53.2307,6.247500140116446,-6.466666732231776,17.28333387374878,54.29555640485552,32.606667311986286,80.8966682434082
beli1257,29.7954,6.40428,27.40388928519355,25.793333689371746,29.896666971842446,88.72694590257274,0.6500000124176343,180.1366694132487
bell1243,233.311,52.3448,3.576111168662707,-4.086666752398014,12.003333568572998,160.74139132499695,73.63333441416422,256.92666982014975
bemb1257,29.2993,-10.6122,21.19972258143955,17.5600004196167,23.83333396911621,113.58500154523387,0.05000000024835268,274.4733367919922
beng1286,-4.23539,7.78122,27.21944482591417,25.306666819254556,29.350000381469727,89.32500153873116,6.453333516170582,157.22333475748698
beng1280,90,24,25.677500369813707,18.506667200724284,28.81666717529297,151.536669292094,3.6600000796218715,349.25333913167316
bero1242,8.81221,9.67037,22.621667056613497,20.940000534057617,25.383333587646483,104.95666891826937,0.5733333480854829,272.0266728719076
besi1244,101.676,2.717,27.178889322280884,26.690000406901042,27.793333689371746,182.69389175838893,116.43000132242838,250.95000305175782
biat1246,110.254,1.17596,26.23555589781867,25.60666700998942,26.786667124430338,323.345560836792,181.74000460306803,598.5733388264974
bini1246,5.70426,6.40701,26.897778113683067,25.196666717529297,28.820000330607098,175.80861459664172,10.526666722695033,362.7433390299479
bisl1239,166.89,-15.4,23.694722594155206,22.400000254313152,24.84333381652832,258.89944877756966,194.39333616892498,385.9500071207682
bang1354,17.227,-0.87437,25.53333370950487,24.993333625793458,26.216667048136394,134.6530579302046,41.69666748046875,202.3166702270508
bodo1269,92,26.1,23.954167069329156,16.62333370844523,28.523333803812662,162.29055866437653,8.21000005727013,389.38334096272786
boko1266,3.71771,10.5189,27.68000038464864,25.323333676656087,31.713333702087404,84.0869458173712,0.05666666800777117,239.82000579833985
boko1267,3.80058,9.52724,27.226389275656807,25.30000025431315,30.293333752950033,90.65500168169125,1.0866666925450168,220.2333371480306
chim1302,281.1479,-1.36727,10.676666861110263,10.113333638509115,10.960000228881835,57.59555650552114,27.753333679835002,87.94333591461182
bond1245,83.8141,19.1512,25.583333741294012,20.486667124430337,30.123333676656088,103.380835260099,5.7433333662649,264.2900067647298
bong1285,27.9918,7.4145,27.1580559041765,25.70333366394043,29.646667035420737,95.42750159156405,0.293333338201046,212.54667002360026
bora1271,37.882,1.05676,25.182222583558826,23.710000292460123,26.63333371480306,71.5205566474547,4.046666693687439,249.87667134602864
bord1248,282.8336,7.92993,25.89611144595676,25.406666819254557,26.500000190734863,244.62944933573405,107.86333491007487,356.276676940918
braz1246,-8.1,39.91,15.483333626058368,9.503333536783854,22.203333854675293,80.24916799741072,9.41333350961407,132.90333461761475
bret1244,-3.78934,48.2452,10.751111295819282,5.936666802565257,16.283333683013915,91.66055684685708,51.230000813802086,137.2466697692871
bugh1239,159.802,-8.47948,26.1747226662106,25.300000381469726,26.693333880106607,239.3105592886607,152.1366684595744,358.526673634847
bulg1262,25.047,43.3646,11.043055743020442,-2.0300000210603075,21.896666971842446,50.188334127267204,38.44333391189575,76.78666750590007
buli1254,-1.26748,10.5763,28.616111501057944,26.353333536783854,32.06000035603841,82.05944574409061,0.3633333424727121,244.40333836873373
nucl1310,93.9665,20.7926,22.018889300028484,17.54000047047933,25.08666712443034,269.3936150881979,6.703333603342376,787.6300089518229
busa1253,4.39929,9.91074,27.541944842868382,25.59666697184245,30.68000036875407,89.87361274661703,0.9000000111758709,220.35000330607096
cahu1264,243.309,33.5324,15.051666883627574,7.8033334891001385,24.613333829243977,38.69055615965691,3.7333333795269334,82.81333454002937
caju1236,268.3867,29.6869,20.106666996743943,10.906666771570842,27.686666997273765,130.8552800402459,89.69000177234412,194.0800033569336
calo1236,0.6,41.424,14.423333596520953,6.690000081062317,23.35000031789144,46.20611201646841,15.9033336425821,66.85000149408977
cari1275,304.666832,5.722918,26.966111442777844,26.08000030517578,27.876667022705078,179.3963920738962,82.05000189145406,306.1833391825358
caro1242,145.765,15.205,27.31000034544203,26.006666946411134,28.22333380381266,167.92194740507338,73.99666792551676,325.3000040690104
casi1235,121.878,16.2176,24.299444850285848,21.90333366394043,26.06666704813639,240.20917117065855,98.37000195185344,419.3000111897787
stan1289,1.569,41.453,14.570833628707462,7.993333514531454,22.440000406901042,51.68527861982584,24.223333477973938,82.300001202027
cayu1262,294.51779999999997,-13.2482,26.902778132756552,24.146666971842446,28.42000045776367,126.86305772506942,23.63333371281624,251.15333786010743
cebu1242,124.367,8.38799,25.596667056613498,24.713333702087404,26.61333376566569,186.53944763210086,78.66333467165629,263.7766710917155
cent2127,198.514,60.3062,-1.2383333322902519,-13.466666873296102,12.693333530426026,37.050833916332984,18.710000483194985,78.89666817982992
cent2292,120.92,17.08,23.327222553888955,21.31333376566569,25.020000203450522,231.92833736273977,12.040000136693317,617.680012512207
carr1249,235.672,54.3768,2.4133333769523433,-11.693333594004311,14.413333543141682,42.46277842124303,21.22000036239624,53.813333956400555
sout2789,-2.52265,10.4226,28.103889237509833,25.890000279744466,31.33333371480306,84.82861259051909,2.2499999940395354,211.7300053914388
cent2050,13.13,11.8,27.775555997424654,22.533333778381348,32.630000813802084,49.248611949570474,0,198.41666997273762
cent1989,105.015,12.0515,27.4466670566135,25.256667200724284,29.450000381469728,120.0994462447034,4.726666764418284,252.1500045776367
cent1972,45.8077,35.6539,14.584444661604033,0.8000000208616256,28.10666700998942,35.66361177747862,0.4800000133613745,78.01666787465413
mala1479,103,1.85856,26.867222584618464,26.09666697184245,27.59333388010661,196.92694760958355,155.42000198364258,240.60000330607096
cent1990,93.3921,7.94812,26.453333716922337,25.890000597635904,27.510000292460123,199.39055931303236,84.20666783650717,277.09667104085287
cent1973,69.4529,31.9153,17.04444467988279,3.946666717529297,27.946666971842447,24.91666706419653,3.663333359112342,51.443334563573195
cent2128,189.728,63.4308,-3.9636111632610365,-15.70000017484029,7.920000123977661,34.422500515646405,16.396666971842446,68.89333457946778
cent2131,252.846,27.5648,12.530278021097184,5.310000125567118,19.04666716257731,50.09555638159315,10.146666834751766,154.45666910807293
chad1249,13.5,14.67,28.47055606312222,20.690000343322755,33.81000073750814,16.13111143906911,0,110.04666881561278
cham1312,144.74474,13.438011,27.49083374341329,26.70333366394043,28.106667200724285,202.04500388304393,90.30000089009603,363.6933403015137
chan1313,94.9536,26.4336,17.96555587450663,11.196666876475016,22.406666946411132,154.626669271787,13.240000208218893,390.2100067138672
chan1310,83.4488,28.684,0.6291666854379907,-8.466666746139527,9.076666831970215,45.617500831248854,16.670000338057676,95.57000211079915
chek1238,159.625,-8.27055,26.1747226662106,25.300000381469726,26.693333880106607,239.3105592886607,152.1366684595744,358.526673634847
chep1245,84.9017,27.7206,21.077222572432625,12.530000273386637,26.593333625793456,197.82361374845107,10.906666794419289,611.273344930013
cher1273,276.837,35.4664,11.38472245912999,0.9066666920979817,21.0100004196167,146.68250240948464,120.29666864871979,179.82333641052247
chey1247,253.341,45.5321,7.209722340769239,-7.943333544333776,22.120000457763673,32.107500516374905,14.653333457310994,69.83000030517579
chip1241,265.7262,47.347,4.517500072841843,-14.360000276565552,20.496666971842448,55.0133342527681,12.793333601951598,99.5066687266032
choc1276,271.5,32.25,17.915278075801,7.206666819254557,27.30666707356771,118.43722404208448,74.59333417812984,164.0066685994466
cung1238,10.4104,6.59687,23.51111150317722,22.0733336130778,26.236667188008628,161.6330580704742,3.906666739781697,347.1166732788086
chuu1238,151.598607,7.346993,27.594167052374946,27.396667035420737,27.816667111714683,316.1688949055142,193.00333620707195,404.9933403015137
clas1250,263.03,19.72,20.809444766574437,16.566666920979817,23.710000292460123,139.5388908545176,63.61000083287557,291.0900024414062
clas1252,42.1432,37.1129,18.34222248527739,5.5166667660077415,31.81333395640055,58.207223073289626,0.18666666770974796,110.97000128428141
clas1249,41.346422,38.592316,8.951111272080905,-5.590000097950299,22.91666711171468,65.61611228738394,4.39333339681228,118.98000138600668
coas1301,237.006,38.3285,13.832500239213308,8.496666892369587,18.503333536783853,76.57000123485923,2.1366667228440446,202.4833360671997
cent2087,123.403,13.7574,26.642500358157687,24.913333829243978,27.91666711171468,241.36500470373366,113.57000223795573,459.2433446248372
coma1245,259,34,16.172500242251488,3.8366667454441385,27.916666984558105,42.10222298869242,12.666666854918002,81.36333475112914
corn1251,-4.18619,50.5233,9.844722368671663,4.843333406498035,15.396666940053304,107.31444632874594,73.4333348274231,153.40333620707193
cree1270,272.5,31,18.035000289811027,8.490000136693318,26.33000030517578,132.12194648401604,76.34000149766604,176.95000279744465
czec1258,15.10437,49.873398,7.656944571870069,-2.5766667058070505,17.00000025431315,51.75833413203557,32.50000052452087,81.89000129699707
port1286,168.046,-16.3083,23.627500385708277,22.01333376566569,25.223333740234374,233.73028209474353,162.006671333313,383.2033401489258
dagb1246,-0.43227,9.64745,27.84583373599582,25.730000241597494,31.1466672261556,96.98750182659262,0.8133333476881187,242.04667205810546
daka1243,168.013,-16.2696,23.627500385708277,22.01333376566569,25.223333740234374,233.73028209474353,162.006671333313,383.2033401489258
dako1258,263.42,45.86,5.702777886845999,-13.263333543141682,22.11666711171468,45.058334023298485,11.64666684071223,90.45000197092692
dani1285,9.36284,54.8655,8.044722361841963,0.17000001395742104,15.90333366394043,71.20111243724823,44.006667900085446,95.7000015258789
dehu1237,167.229,-20.8892,22.945000410079956,19.700000381469728,26.020000394185384,140.14194672637515,64.18000049591065,254.17000471750896
tana1289,209.241,60.4712,1.4786111470311878,-8.430000207821529,11.803333600362143,63.54305653174718,35.53333387374878,113.0966687520345
devo1240,-1,53,9.143611275052859,3.4166667540868123,15.796667003631592,59.21750096744961,53.033333492279056,67.99000132878622
dhal1245,114.937,-22.196,24.809167051315306,17.98000036875407,30.710000292460123,24.303889208121433,1.3966666802763938,50.456667073567715
dhar1247,114.847,-24.0601,22.772222619586522,15.590000375111897,29.690000343322755,21.68472252579199,4.163333408534527,42.73333351612091
didi1258,33.6869,4.21489,23.453055911593967,22.090000343322753,24.993333625793458,69.44500119156308,14.300000353654225,122.25000190734863
dima1251,93.1806,25.4198,21.234722577200994,14.706666914621989,24.92666695912679,162.94694728917545,13.24000020424525,403.15000610351564
diri1252,20.6678,-18.1681,22.242778129047817,15.993333657582602,25.83000030517578,48.015278635380994,0,155.04333572387696
djin1253,134.82,-12.462,27.083333688312106,23.800000190734863,29.38333377838135,99.5394463268419,0.3900000070532163,269.5700038909912
djiw1241,116.98858,-24.10724,23.61583371427324,15.186666997273763,31.176667086283366,22.53222266692254,3.4233334049582482,53.30666790008545
doro1266,147.986,-9.56687,25.787222629123264,24.600000445048014,26.70000031789144,162.4236141204834,92.23333390553792,230.6600034077962
dutc1256,5,52,9.304444582925903,2.0866666903098423,16.71333367029826,66.78139004707336,47.40666758219401,81.59666830698649
dzon1239,89.581604,27.410786,9.540833474509418,1.7033333656688532,15.07000020345052,200.4691702560832,5.420000084986289,634.1700124104817
east2387,-11.7496,9.71107,25.83666707144843,24.236666933695474,28.026667086283364,171.80583581142128,1.82666670208176,418.9533376057943
huaa1248,20.79583,-24.20022,20.505278107855055,12.200000190734864,27.10666707356771,23.912500379876132,0.516666676600774,56.20666788419087
tang1336,94.3567,25.0489,17.511944762865703,10.893333562215169,21.323333803812663,141.0894466261069,12.49666685263316,342.460004679362
nucl1235,45,40,5.680555670853289,-8.67333344221115,19.093333689371743,45.131111915244,23.203333870569864,86.35000139872233
east2304,62,28,19.815278051959144,8.0266667842865,30.483333524068197,9.593889036484889,0.21000000536441807,21.206667081514993
east2534,284.3861,62.1735,-9.245000142604113,-25.87000020345052,6.716666730244954,34.51694498591953,18.59333388010661,59.30333417256673
east2333,108.354,12.3939,21.841389226913453,19.320000394185385,23.843333689371743,142.41166824301084,13.020000211397807,257.20001220703125
east2542,280.2497,45.0112,4.93638895303011,-10.703333473205566,18.783333619435627,92.31389054722256,66.53000062306722,123.42666893005371
panj1256,75.6702,30.0368,24.422222590446474,13.403333473205567,33.820000712076826,44.47750073865884,3.3733334464331466,165.28666915893555
east2295,19.42,51.75,8.172222367612024,-4.393333384394646,18.68333371480306,46.611667546961044,27.003334045410156,77.99000142415365
efik1245,8.38121,4.89379,25.96750037935045,24.696666971842447,27.32666695912679,228.63250343634024,29.36000054677327,431.6166707356771
egyp1246,30.834959,28.381735,21.406666991445753,12.336666870117188,28.52333354949951,0.35583334167798364,0,1.1366666940351329
egyp1253,31,31,20.24611144065857,13.366666889190673,26.4733336130778,10.852222388962076,0,38.63666736284892
enga1252,143.685,-5.45619,21.284444840749106,20.480000241597494,21.626667149861653,228.93194914923774,131.22333577473958,324.8233388264974
esan1238,6.33917,6.25685,26.52861156463623,25.003334045410156,28.433333841959634,169.56778070980477,11.423333464066186,341.22667388916017
esse1265,-1,53,9.143611275052859,3.4166667540868123,15.796667003631592,59.21750096744961,53.033333492279056,67.99000132878622
esto1258,25.82,58.55,4.892777860247426,-6.773333378632864,16.496667003631593,52.989167547225954,31.036667410532633,75.81333440144857
ewee1241,0.814975,6.46061,26.74361147880554,24.86666711171468,28.31666704813639,94.39861276298761,13.99666687051455,222.8000030517578
fiji1243,178.33,-18,24.2519448545244,22.080000368754067,26.29333381652832,194.60250362025366,80.30333474477132,378.5733423868815
fili1244,123.464,12.265,27.60027812321981,26.0133337020874,29.11000016530355,163.45778084463544,58.91333486239116,257.18333969116213
finn1318,25.5577,64.7628,1.5850000017012162,-11.703333552678426,15.403333536783855,42.683334022098116,23.89333372116089,71.60333442687988
fore1270,145.5065,-6.64473,19.475833728578355,18.376667149861653,20.32000052134196,178.0955585691664,91.97333482106527,246.89000498453777
stan1290,2,48,10.49027797124452,3.1533333867788316,18.366666984558105,51.43805644727416,44.51333411534627,60.83000170389811
futu1245,170.215,-19.5303,22.393611473507352,19.80666707356771,24.993333689371745,162.4036140759786,87.04666786193847,286.5166727701823
fuyu1242,147.312,-8.6371,20.108611483044093,18.790000279744465,21.10000031789144,221.55833665529886,92.79333534240723,333.48333841959635
gaaa1244,-0.18598,5.65488,26.580000363455877,24.793333689371746,27.93333371480306,78.39694583972708,14.410000112901132,183.62666905721028
gaam1241,33.9797,11.4674,26.993055899937946,24.640000279744466,30.57666695912679,61.57389012546175,0,181.96667073567707
gade1242,7.49869,8.71139,26.763055912653606,24.9100004196167,29.7733336130778,97.81027945445643,0.5833333412806192,227.98333689371745
gali1258,-7.5343,42.2446,11.813055762979719,5.226666760444641,19.270000394185384,103.44805724985069,26.5200004418691,170.4200039545695
gamb1252,-16.1544,13.5337,27.327778159247504,24.270000457763672,29.08666706085205,71.34944541704738,0,313.5100036621094
gand1255,32.15153,0.66884,22.094722588857014,21.22000045776367,22.92666702270508,107.4894463274214,45.06333405176799,159.6333366394043
gari1256,273.09090000000003,15.3529,23.022500361336604,20.410000356038413,24.896667162577312,109.23611264063253,27.260000638167064,192.0166690826416
garo1247,90.462,25.2954,24.350555936495464,17.43666715621948,27.9100004196167,220.0605588775128,2.9166667101283874,541.3566802978515
gbar1246,7.10757,8.46411,26.90722262594435,25.110000356038412,29.880000368754068,98.60139069569607,0.8500000067055226,227.07333628336588
geda1237,145.781,-5.18175,26.1011114915212,25.68333371480306,26.403333727518717,267.65861566331654,120.53666826883952,383.5100067138672
geez1241,40.6821,10.1342,27.02388925022549,23.456666882832845,30.63666706085205,41.10472295907223,5.3200000584125515,121.91000162760416
gela1263,160.186,-9.04587,26.667222637600368,25.806667200724284,27.093333752950034,197.82528133392333,110.79000180562338,342.78333740234376
nucl1302,43.78613,41.850397,5.769444561687608,-7.446666836738586,17.70000025431315,68.6888899842898,43.393333943684894,116.96000213623047
stan1295,12.4676,48.649,8.371111271965006,-1.9866667134066425,17.876666927337645,63.73666802777184,42.400000762939456,98.49666926066081
giky1238,0.56975,8.39478,25.739722575081718,23.966667238871256,28.060000228881837,111.16444643394401,8.110000133762757,219.24000295003256
gilb1244,173.64,0.179,28.079444832272,27.970000394185384,28.26666692097982,153.26444690873225,99.07666758696237,250.67667266925176
meso1252,43.1095,33.8178,22.738055964310963,9.683333476384481,35.20666720072428,13.761944763921202,0,30.58000068664551
giry1241,39.6648,-3.30638,25.810000371932983,23.90666700998942,27.533333651224773,84.50805720753141,17.683333628127976,234.49333852132162
glav1244,13.8652,11.1334,27.62833374341329,23.243333625793458,32.45666739145915,55.40583440042618,0,213.9033368428548
goan1235,74.2098,15.2732,25.750000370873344,23.800000445048013,28.510000228881836,213.881670185282,0.046666667610406866,902.6500142415364
goem1240,9.72453,8.74455,27.063055907355412,25.060000483194987,30.360000356038412,88.90722371056262,0.12333333417773247,209.28333740234376
gras1249,147.437,-9.51218,26.234167093700833,24.996667226155598,27.10333360036214,142.22972541650137,57.573334058125816,235.9800048828125
guar1292,298.3066,-15.8247,25.02861148516337,21.5233336130778,27.246667226155598,100.00333508219984,20.476667126019795,194.2900032043457
guja1252,71.0962,22.687,26.937500434451632,19.183333778381346,32.900000699361165,43.68027842791958,0.26000000884135566,191.9533365249634
gulf1241,47.5,30.17,25.13555608590444,12.420000171661377,36.10666720072428,10.789444630427493,0,29.61000071366628
gung1250,31.4819,2.06754,23.65500037935045,22.60666707356771,24.833333587646486,88.9683351447185,17.54333362579346,142.57000249226888
gwer1238,33.8227,1.11392,23.526944801542495,22.510000292460123,24.52333386739095,112.79055746131473,37.503334029515585,192.23333587646485
haaa1252,30.4894,-3.77873,20.71416703859965,19.50000025431315,21.913333638509116,101.84944630939927,2.363333392391602,197.04667027791342
hais1244,231.398,53.964,5.004722309091853,-3.160000052054723,13.706666787465414,236.7875045829349,94.59666798909505,426.3166758219401
hait1244,287.863885,18.795135,24.76805593172709,22.716667048136394,26.3100004196167,118.92416826354132,20.57333362897237,247.32000350952148
hakk1236,116,25,18.787500356303322,9.100000095367431,27.00666700998942,145.0655579334746,39.19333406289418,291.71333669026694
halh1238,106.28874,48.32397,-1.7238889539407352,-23.036667251586913,16.483333651224772,30.47555606795682,3.290000057220459,90.45333506266276
haus1257,8.7804,11.1513,25.72527813381619,21.89666690826416,29.706666946411133,73.65833484950579,0,255.70333964029948
hava1248,246.615,35.6302,12.094444655709797,2.296666697661082,23.610000546773275,27.43361157981886,9.683333531518777,47.73666736284892
hawa1245,204.57,19.6297,18.700555891460844,16.97333377202352,20.30666707356771,182.06750321388245,106.9566686630249,264.11333758036295
hdii1240,13.6881,10.942,26.185555956098767,22.350000381469727,30.856667137145998,65.19194550081673,0.45666666527589167,230.786669921875
heil1246,232.779,51.7045,5.11722232753204,-0.7933333463966845,12.50333350499471,209.7655591169993,91.87333418528239,332.60667165120446
here1253,20.5655,-21.0231,21.298055863380434,14.190000120798747,25.90333366394043,32.69027829875963,0,88.8333351135254
hida1246,258,47.33,5.124444515982436,-12.376666847864787,20.913333829243978,36.38555615546389,10.650000222524007,90.33000144958496
hili1240,122.974,10.4018,27.44972260263231,26.196667035420734,28.806667137145997,202.5336146440771,32.006666866938275,384.5166748046875
hind1269,77,25,25.321111522780527,15.78666706085205,33.54666728973389,74.48805696273016,3.8400000810623167,310.4600082397461
hind1270,78.91266666666667,20.558666666666667,27.362500450346207,20.870000457763673,35.23666737874349,90.89833505625526,9.506666788707175,300.7633382161458
hmon1333,103.164,21.5461,23.091111477216085,16.826667022705077,27.253333791097006,152.63389136095842,25.306667200724284,356.45667266845703
hmon1264,101.95,22.5638,19.367500352859498,13.613333479563396,23.213333638509116,147.9577801619139,22.073333701491357,386.5066721598307
hooo1248,87.1188,23.9596,26.24250038994683,18.73000036875407,31.573333803812663,111.0333352961474,3.3400000778337318,306.710004679362
hoch1243,271.5,43.5,7.221944577929874,-9.490000120798747,22.020000394185384,66.34694560567539,26.113333988189698,102.75000222524008
hung1274,19.6555271429,46.9068585714,10.87083352988379,-1.6999999982615308,21.21666717529297,44.49472304731607,29.10333398183187,70.0966671625773
wyan1247,282.5,44.33,6.785555673804548,-8.120000195503234,20.506666882832846,73.59250139130486,57.710000864664714,91.05666885375976
iban1264,112.934,2.09041,25.318611473507353,24.793333752950033,25.816666984558104,290.7330608791775,204.7633374532064,388.5566762288411
ibib1240,7.86688,5.15279,26.19361155298021,24.96666711171468,27.73666706085205,202.69861443162793,23.860000177721183,371.52000528971354
icel1247,-19.0212,63.4837,3.441388947454592,-1.2600000128149986,9.810000197092693,129.06472477250628,103.2966693242391,164.77666969299315
nucl1417,7.23441,4.62705,25.34888922373454,24.163333574930828,26.706667073567708,206.17472562998947,30.220000433176757,378.8666717529297
ilok1237,120.993,15.9361,27.173055961396958,25.310000292460124,29.010000546773274,185.33305908872023,11.433333655198416,486.4066767374674
ipai1240,243.007,33.005,14.06305579079522,7.6400001525878904,22.723333740234374,42.10166742679559,2.8866667327781514,89.6200029393037
iqui1243,286.02954,-3.31233,26.671389272477892,25.70000031789144,27.380000368754068,261.1988931682375,215.1966702779134,320.3033354441325
iraq1241,35.2939,-4.19948,18.015555953979494,15.703333536783854,19.200000445048016,68.75888999570161,1.2166666870315868,153.29666926066082
iris1253,-7.61509,53.2186,9.02916683057944,4.330000102519989,14.816666920979818,74.6830569518937,57.2700008392334,92.00666796366374
isim1234,35.42881,-3.423772,19.398889276716446,17.303333854675294,20.53666706085205,59.15250124989284,4.440000120053688,141.94666913350423
isth1244,265.1556,16.4548,27.21750038994683,24.89666690826416,29.496667098999023,89.46333473556572,1.196666696667671,268.5033365885417
ital1282,12.6489,43.0464,11.920277969704735,3.3100000580151874,21.443333689371745,80.2388902703921,58.46666774749756,114.0200028737386
ixil1251,269.1065,15.4569,18.303333735466005,16.310000451405845,20.000000381469725,187.40055864387088,65.2166680018107,343.156672668457
iyoj1235,296.7617,-22.1896,23.40222259097629,16.873333676656088,27.80000031789144,71.93750128981968,5.060000113149484,171.53000399271647
izon1238,5.51702,5.17986,26.723333687252467,25.21000010172526,28.340000343322753,218.28333714962417,28.703333854675293,431.9966715494792
nucl1643,135,35,12.272777963926394,0.820000011722247,24.890000343322754,143.38528022236295,97.04666798909506,219.90667063395182
java1254,109.287,-7.001,25.65472257932027,24.75666700998942,26.31666704813639,331.0338942382485,103.38000286271175,582.7833455403646
jeha1242,101.541,5.63695,25.578055953979494,24.503333600362144,26.603333727518717,219.99417057567172,80.35333372751872,400.80000966389974
jewi1240,44.245,32.273,23.808333734671272,10.466666809717815,35.99333407084147,9.46555574014783,0,20.350000381469727
jica1244,252.993,36.8079,7.078889004699886,-4.893333421150843,19.420000394185383,35.30416727444778,18.320000237723193,58.750001176198325
djin1251,133.659,-17.165,26.351667091581557,19.39000040690104,31.09666716257731,45.9250009222784,0.9600000247359276,147.54333661397297
jude1267,45,15,19.634166979789732,14.466666889190673,24.360000483194987,36.52111166564541,7.126666808128358,77.38333415190378
kich1262,268.8304,14.5278,16.731944802072313,14.606666882832846,18.396667035420737,150.8575023472309,9.090000136693318,356.2433380126953
cent2100,116.681,6.02998,23.931111537085638,23.196667035420734,24.70333366394043,198.6563921822442,123.42333583831787,268.51333656311033
kala1397,144.585,-5.25216,24.607778141233656,23.990000216166177,24.91666685740153,288.9138933499654,144.84000256856282,421.3933380126953
kara1499,132.678,-3.47037,26.2727781507704,25.29333381652832,26.81000010172526,243.7947270605299,182.56333777109782,318.27667198181155
kali1308,245.81,47.5825,5.97083345366021,-5.766666704416275,17.723333581288657,38.23638955768612,28.520000457763672,60.30333429972331
kamb1297,37.9532,-1.60827,22.503611453374226,20.31333376566569,24.343333752950034,56.04500093768454,0.6066666804254055,210.75000406901043
nucl1305,76.1198,13.5878,24.69194481637743,21.980000495910645,28.503333600362144,47.63555641778642,0.33333334401249887,128.53666826883952
kapi1249,154.797223,1.039166,27.263611459732054,27.00333366394043,27.423333740234376,305.9166666666667,229,376
kara1483,34.2761,2.45157,23.712222549650406,22.6000005086263,24.910000292460122,80.63194574680594,16.586667021115623,127.33000208536784
kash1277,74.330455,34.166825,11.041944681294263,0.4766666675607364,20.243333689371745,47.41472307814078,15.486666835347812,86.24666757583618
newa1246,85.326,27.67,17.709444773197173,9.230000193913778,23.51333376566569,169.1388920140763,9.803333493073783,526.6200093587239
kato1244,236.568,39.7002,10.573611295223236,4.7033334096272785,17.53666696548462,99.50166862652533,4.316666756073634,235.40333824157716
kati1270,70.9826,35.4145,4.10166671425104,-8.133333508173624,14.760000165303548,75.92722356650565,22.390000176429748,157.46666870117187
kawi1241,111,-7,26.82333369255066,26.26000035603841,27.60333366394043,160.49916898852422,28.976667060951392,293.8866704305013
kaza1248,71.454,51.17,2.575000083736248,-16.263333479563396,20.986667188008628,25.926944845087,13.79666694800059,50.17333386739095
khas1269,91.9998,24.977,24.83777813911438,18.333333841959636,28.43000030517578,300.54806117643085,8.003333431233962,740.2533447265625
khmu1256,101.671,20.2463,22.239444873068066,17.256667041778563,25.166667238871256,130.43055789843203,17.643333850304284,312.8466735839844
khot1251,79.04,38.33,12.57361133456644,-5.333333388964335,26.310000292460124,2.9300000578165055,0.23666666597127917,7.060000151395798
khwa1238,60.75,41.68,13.282777986737589,-2.9733333985010786,29.00666700998942,8.580555716508792,0.8433333458999793,18.840000359217324
kili1268,244.877,30.5471,15.0541669315762,9.293333530426025,22.59666690826416,25.453611451822024,7.8833333094914755,36.96666682958603
ling1263,15.28532,-4.409174,24.628333701027763,21.983333651224772,25.88000030517578,117.63500207298331,1.7466667090853056,248.91000671386718
kiny1244,29.6441,-1.56771,17.058611477745906,16.5266668955485,17.33666706085205,106.84055725998348,18.980000448226928,187.533336130778
kips1239,35.258532,-0.35774,18.48388925658332,17.3966672261556,19.526667086283364,141.7522246254815,81.62333517074585,235.69667129516603
kirg1245,74,42,-1.1827778186442124,-16.940000279744467,12.493333498636881,48.02777856323454,19.92666691939036,83.09000180562337
klam1254,238.296,42.5861,6.200833438874946,-2.3833333889643353,15.993333657582602,58.5213900393082,11.060000149408975,117.5866689046224
miju1243,97.0444,28.4732,5.445833430998027,-2.2300000389417014,12.190000247955322,74.10527892874347,9.850000083446503,172.99000295003256
koas1236,267.291,30.4096,19.71722255812751,9.7966668287913,27.79666716257731,123.62555762860511,100.16333514849345,142.18666928609213
kokb1239,91.4673,23.1916,25.54805590311686,19.146667098999025,28.463333638509116,212.78055897437864,6.260000063230595,531.2500111897787
kore1280,126.98,37.54,11.411111276596785,-3.9100000729163487,25.10666694641113,111.38389066689544,19.64000000953674,351.4500076293945
kosa1249,139.645,-4.06603,18.983055941263835,18.29000040690104,19.416666793823243,330.4225054634942,284.99333470662435,385.7533396402995
kosr1238,162.98,5.31,27.678333722220525,27.50333372751872,27.830000495910646,265.5833333333333,181,320
kuan1247,16.58,-17.7176,22.794444804721408,16.906667073567707,26.41666711171468,44.59472318879432,0,125.70333620707194
kudm1238,87.33,25.92,24.38805592589908,16.13000027338664,29.016667111714682,116.1444465306898,2.3600000540415444,371.096674601237
kuku1273,145.188,-16.0036,24.23666705025567,20.623333740234376,26.85666707356771,129.2258355454852,21.8533335916698,332.13000335693357
kumb1268,152.913,-29.8189,18.149444733725655,11.46666685740153,23.446667035420734,104.31472418374486,40.79000083208084,170.79333686828613
kuru1301,86.46568,24.46442,24.720278199513753,16.753333600362144,30.70000057220459,103.20416837901703,3.490000063925981,310.58333791097004
kwai1243,160.965,-8.93744,25.292500442928738,24.30000057220459,26.196667098999022,267.4983376118872,177.67000164985657,395.4966738382975
kwak1269,232.692,50.9269,7.896944567002356,2.7133333797256154,13.996666844685873,163.10416938198938,58.37000058492025,283.9733395894369
kwam1252,169.442,-19.5954,22.347222571902805,19.786666997273763,25.116667048136392,205.57278134028118,107.33000246683757,351.5566701253255
kwan1273,19.256,-17.9026,22.10861150423686,15.990000438690185,26.010000483194986,49.37722292457604,0.05333333412806191,148.94000231424968
kwom1262,142.664,-4.08721,27.056944810019598,26.38666706085205,27.410000228881835,215.49222610261705,135.0066696166992,295.28333943684896
kxoe1243,22.599835,-16.59051,22.662778136465285,16.976667181650797,26.013333638509113,57.46166769431697,0,165.37000249226887
kyak1244,144.119,-5.52462,20.358889251285127,19.483333524068197,20.920000267028808,212.2519482506646,114.46666870117187,307.66333770751953
kate1253,147.757,-6.4795,23.559444766574437,22.476667086283367,24.516666984558107,290.69944998423256,227.0133379618327,347.5466719309489
komn1238,141.5878,-8.70216,26.59972266091241,25.07666721343994,27.59666716257731,140.22222475674417,28.17666733264923,275.2300048828125
ladi1251,28.6632,41.205,13.730000256167516,4.956666747728984,22.59666716257731,62.278889901770484,24.67333381573359,119.83000208536784
lako1247,256.05,46.3699,6.07388899953415,-9.816666825612385,21.380000432332356,31.985833914412392,8.873333452145259,79.70666834513347
lamb1271,27.9026,-12.3366,19.678611450725132,14.85666691462199,22.51666692097982,108.51361309033301,0.10666666999459268,297.04333852132163
laoo1244,102.46,19,22.3425003502104,17.56666701634725,25.070000457763673,134.04861291622123,9.206666716684898,323.2700037638346
lari1255,127.956,-3.76522,26.82000035709805,26.300000635782876,27.220000775655112,218.07722600979938,99.80666988690695,451.6000061035156
late1255,35.195,32.276389,18.565833667914074,10.410000149408976,25.796667035420736,48.80194524319636,0,142.9566685994466
lati1261,12.4502,41.9026,15.413611381583744,8.130000178019205,23.630000432332356,64.58333443121778,15.260000306367875,112.4900016784668
amer1254,-1.11788,40.4414,10.201944599383408,2.493333379427592,20.023333485921224,49.414167451899914,34.656667256355284,65.31333430608115
latv1249,24.309118,56.826108,6.135000123642385,-5.206666744748751,16.866667079925538,52.81194539335039,26.983333746592205,77.2966682434082
lauu1247,160.872,-8.51018,25.292500442928738,24.30000057220459,26.196667098999022,267.4983376118872,177.67000164985657,395.4966738382975
lega1249,27.1424,-3.83196,23.836944823794894,23.336667251586913,24.313333892822264,121.69139079252878,19.136666997273764,202.07667032877603
lada1244,80.6013,33.468,-2.456388932942517,-15.56666701634725,11.493333562215168,4.042222293011016,0.8633333362638951,15.606666954358419
lena1238,169.261,-19.4763,22.306944783528646,19.79666697184245,25.0233336130778,204.21389203601413,109.55000127156576,353.96000620524086
lepc1244,88.5726,27.0869,12.57444469332695,5.030000074704488,17.613333829243977,206.20944741175822,6.853333494812251,683.3633483886719
nort3139,36.0468,34.1709,11.709722468112078,2.4800000213086606,20.38666706085205,58.66361207558463,0.15666666900118192,148.0366683959961
libe1247,-9.96128,6.92048,24.931944815317788,23.910000483194988,26.103333791097004,218.51722633590302,26.220000578959784,474.20000813802085
limb1266,87.8859,27.2703,14.950833622614542,7.533333444595337,19.633333905537924,187.5925032618559,11.683333510160445,614.8766743977865
lisu1250,98.94,26.91,11.468611315223905,4.376666712760925,17.100000381469727,89.6483347149152,16.48000032355388,186.77000147501627
lith1251,23.9601,55.1429,6.277500090830856,-5.4233334024747215,16.863333479563394,52.09611201418771,26.756666930516563,78.09000155131022
araw1276,303.0757,5.64295,27.15583373175727,26.42666721343994,27.990000406901043,158.01666961908342,56.266667954126994,284.6166692097982
lonw1238,168.016,-16.2286,23.627500385708277,22.01333376566569,25.223333740234374,233.73028209474353,162.006671333313,383.2033401489258
lopi1242,32.7534,4.6986,25.866111501057944,24.283333841959635,27.706667137145995,73.67333452658107,8.046666793773571,132.8366683959961
louu1245,147.346,-2.38659,27.058055920071073,25.42000020345052,27.380000432332356,297.1736166742113,261.97667185465497,352.13333892822266
loui1240,269.2525,30.0412,19.84277811580234,10.120000203450521,27.896667098999025,132.6133355266518,86.00000221729279,179.2033353169759
lozi1239,24.7398,-17.7052,23.178611477216084,16.956666882832845,26.80666707356771,54.402778767608105,0,161.8700035095215
lund1271,115.5,4.25064,25.11638922691345,24.50333366394043,25.703333727518718,259.26750440597533,210.70000400543213,319.3100067138672
luok1236,34.4896,-0.93296,21.876667054494224,20.703333600362143,22.630000241597493,106.65527967611949,48.223334058125815,212.6733367919922
lyci1241,29.764,36.517,10.126944649074641,0.11666666890184084,20.396667098999025,52.60861221498086,12.493333498636883,109.41000235875448
maay1238,43.6182,3.22288,26.38861151801215,25.000000381469725,28.210000419616698,46.380000937067805,2.003333357224862,143.9466693878174
mace1250,21.7932,41.5957,11.603333537363344,0.08666667590538665,21.79666697184245,44.59222289986081,33.09000062942505,61.27000090281169
maga1263,120.459,15.1954,25.236667029062907,23.893333689371744,26.810000292460124,244.71500399615616,3.3766667368511363,789.03668212890625
magu1243,124.509,6.9453,27.05750034650167,26.59666697184245,27.826666768391927,148.14861384365295,84.3000010808309,209.74333597819012
maha1287,77.5317,31.0088,11.500000169210963,3.003333373864492,17.89000015258789,103.55611299313605,13.740000375111897,308.58667348225913
mail1248,149.521,-10.3657,24.29833368195428,23.08666706085205,25.20333366394043,191.93639244238534,104.81666924158732,290.25333607991536
mait1250,86.2211,26.3817,24.68055591583252,16.240000184377035,29.47666702270508,104.4086127659306,4.340000111858051,365.6266733805339
mala1533,102.262059,2.188087,27.03777811792162,26.60000031789144,27.683333778381346,173.98611432711283,108.95000247955322,224.4366719563802
mala1464,76.7651,9.59208,26.17083371480306,25.3133337020874,28.193333689371745,217.3500042161387,16.373333747188248,576.7300145467123
mala1522,286.5944,10.9286,21.54805590841505,20.596667035420737,22.323333676656087,128.1463910477029,20.683333802223206,286.0566711425781
male1292,292.59195,45.494475,5.536111224484112,-8.633333492279053,18.726666959126792,97.82416833241781,83.32333488464356,125.07333577473959
mali1284,152.214,-4.71826,24.666111511654325,24.280000495910645,24.986666997273762,306.126949622896,213.36000315348306,433.8533442179362
malt1254,14.4508,35.8884,18.506389141082764,12.170000171661377,26.103333473205566,41.30611197753913,0.09666666761040688,99.4466688156128
mamb1296,31.2269,-8.86817,21.39000041219923,19.070000394185385,23.523333740234374,100.25472429355399,0,240.80667266845703
mamp1244,-0.74675,10.3884,28.354444832271998,26.0600004196167,31.76000061035156,87.80611242200766,0.373333344856898,228.7300043741862
mand1413,83.6749,20.0962,25.08472259839376,19.300000381469726,30.830000114440917,105.10472409857643,4.6100001017252605,329.96667327880857
mand1425,31.2327,5.83656,27.73611149258084,26.08000030517578,30.076667022705077,78.67500128909532,3.1166667299966013,156.94000244140625
mand1415,116.228,40.0209,10.42527793472012,-6.203333449363709,25.10000031789144,39.73361190826529,1.693333377192418,142.40000330607097
mand1436,-15.6539466667,12.8165233333,27.22416705555386,24.370000457763673,29.496667098999023,108.74750183510284,0,425.9366770426432
mang1401,225.03,-23.1095,23.096389245986938,20.786667124430338,25.493333498636883,142.2497247695923,112.00000178019205,186.00333728790284
mani1292,93.3426,24.4409,21.56388918823666,15.350000222524008,24.68000030517578,202.47639280921882,13.663333475589752,509.4100067138672
mans1262,126.181,6.79221,25.96000034544203,25.403333727518717,26.713333638509116,148.20000256697338,122.85000206629435,191.11333669026692
manx1243,-4.45437,54.2604,9.06416680249903,4.303333415587743,14.313333574930827,102.90416840248638,69.56666800181071,143.41000277201334
maor1246,176.541,-38.2881,12.343333576785193,6.880000082651774,17.59333381652832,144.0744472609626,121.23000164031983,175.0566698710124
mapu1244,118.75,6.09061,26.845555978351168,26.29333381652832,27.490000534057618,210.18139245775012,135.21333656311035,338.91667289733886
mara1382,93.0387,22.1138,19.962500320540535,14.843333466847737,23.00666707356771,237.46417039069865,7.533333484331767,627.2633407592773
mara1404,124.175,7.79414,23.288333670298258,22.71000035603841,24.11666711171468,200.12833717796536,92.3833352724711,291.4833396911621
mara1378,76.6665,17.9344,26.731389326519437,22.073333803812663,32.500000699361166,71.18583443111017,2.710000069191058,194.0766680399577
mara1385,134.865,-14.7927,27.300000360276965,21.896666971842446,31.196667035420734,71.70222350160282,1.0366666903098425,229.6800043741862
mars1254,167.73,8.72,27.592500432332358,27.270000394185384,27.803333727518716,217.16528165340424,121.9966688156128,282.00000559488933
mart1256,123.66842240336,-23.350911655789,24.37333368195428,15.46333351135254,31.430000432332356,18.0097225252125,3.283333396911621,52.09333400726318
masa1300,36.4573,-3.1419,21.57277816666497,19.016667048136394,23.236666933695474,58.20416773754276,2.0833333862324555,193.49666964213054
masb1238,123.63579,12.21453,27.540278185738458,26.016667048136394,28.903333791097005,162.52778082953557,56.64000126520793,248.740003712972
maya1287,267.1557966206964,17.423987813269193,22.403055953979493,19.423333740234376,24.513333638509113,145.7325025273694,49.79000119368236,309.4100056966146
mbay1241,15.7328,8.23066,26.081111494700114,23.780000432332358,29.920000521341958,100.70500174382082,0,294.7100036621094
mbuk1240,22.5026,-17.6827,22.54916705555386,16.273333517710366,26.026667149861655,50.29722299215695,0,147.49333648681642
medi1245,281.4608,-1.04518,10.676666861110263,10.113333638509115,10.960000228881835,57.59555650552114,27.753333679835002,87.94333591461182
mele1250,168.275,-17.6841,24.413889270358617,22.416667175292968,26.5233336130778,196.662225303385,109.83666823705038,366.3400054931641
mesk1242,271,44,6.311666771376299,-10.703333528836568,21.20000031789144,65.18750103281604,24.40333395799001,100.14000234603881
mexi1248,-1.11788,40.4414,10.201944599383408,2.493333379427592,20.023333485921224,49.414167451899914,34.656667256355284,65.31333430608115
mikm1235,296,46,5.51138897182213,-7.810000101725261,18.830000273386638,89.30861286057366,77.30000178019206,109.27333628336588
midd1344,108.9,34.27,13.87694464220355,0.41000000437100725,26.506667137145996,50.57416752115306,5.700000100582838,111.19666849772135
midd1317,-1.11,51.65,9.493333501968946,3.6433334035178024,16.2733336130778,54.32444533440802,42.250000874201454,65.84000094731648
midd1343,10.599,48.254,8.163611279014084,-1.380000021805366,17.39333372116089,72.99055667850706,47.42666734059652,118.16666920979817
midl1243,-1,53,9.143611275052859,3.4166667540868123,15.796667003631592,59.21750096744961,53.033333492279056,67.99000132878622
mind1253,119.5,26,18.566666979259914,9.680000162124633,27.603333791097004,123.83139083484808,32.25666739940643,234.54333623250324
minn1241,118.17,24.5,20.926667006810508,12.7366668065389,28.72333380381266,110.12389086625643,25.920000526309014,222.000005086263
misi1243,152.696,-10.6821,26.352222628063625,25.286667188008625,27.016666984558107,225.94333691332076,154.95000047683715,292.13667221069335
misi1242,94.69,27.418,23.28333372010125,16.090000279744466,28.30333366394043,207.3741697386114,18.626666802416242,497.40334065755206
lush1249,92.6247,22.6138,23.88944477505154,18.356667200724285,26.686666997273765,208.02583747646875,7.926666815082233,523.7966776529948
mode1248,23.13,38.36,15.187500268883175,6.810000069936117,24.486667188008628,45.64833387155086,8.716666927933693,96.82000045776367
hebr1245,35.0179,31.1056,16.545833643277486,14.31000010172526,19.50666707356771,19.63500026387887,0,59.45333366394043
moki1238,159.776,6.65651,27.63888929155138,27.426667086283366,27.84000040690104,292.7513943778144,188.00667088826498,357.010004679362
monn1252,98.122465,15.49394,24.62222261428833,22.73333346048991,27.17666727701823,294.2852826065487,6.346666721502939,867.9800211588541
moro1292,-7.5,32.5,17.79000025590261,11.506666819254557,25.10666707356771,29.420000410100652,0.9100000229974587,60.76666716734569
luxe1241,6.14931,49.6839,8.962222373402781,0.4933333615461984,17.39000040690104,72.97194565269682,56.75000136693318,91.39333454767863
mota1237,167.690924,-13.835361,26.040833722220526,25.02666695912679,26.940000279744467,268.4150045818753,205.9966687520345,367.99667104085285
mudb1240,132.329,-16.7694,26.287222544352215,19.396667162577312,30.89666684468587,56.02444541162501,1.7566667102277276,164.6533364613851
muna1247,122.541,-5.40419,25.534722561306424,24.600000381469727,26.293333943684896,164.47139185031668,54.91333412329356,262.34667205810547
mund1320,85.85,23.03,25.26194484233856,17.813333606719972,31.886666997273764,111.44527995735407,4.883333379030228,331.51333872477215
mung1266,10.0294,5.89752,19.46666702164544,18.093333625793456,21.32333386739095,182.79666934590784,10.063333463668823,392.0100036621094
muru1266,146.546,-28.9618,20.73277810414632,11.800000222524007,28.54000040690104,34.552222817763685,18.156666996081672,58.39000070095062
mush1238,42.6626,0.00689,27.688889243867663,25.983333524068197,29.433333524068196,32.91638967837724,0.6666666721304257,84.61333538691203
mwag1236,8.96522,9.47205,23.469722562366062,21.836666997273763,26.213333511352538,103.57611315107593,0.9433333518604438,255.20667165120443
misk1235,275.7058,15.1576,26.59194482697381,25.126667086283366,27.810000292460124,250.38583781056934,62.47333445549011,398.606672668457
sout2856,168.377,-17.7006,24.413889270358617,22.416667175292968,26.5233336130778,196.662225303385,109.83666823705038,366.3400054931641
naka1262,150.888,-5.59931,24.979167032241822,24.380000432332356,25.340000343322753,488.3361192067464,324.22000579833986,712.1866780598958
nanc1247,93.3921,7.94812,26.453333716922337,25.890000597635904,27.510000292460123,199.39055931303236,84.20666783650717,277.09667104085287
nand1266,35.408478,0.793737,17.186667047606573,16.000000476837158,18.536666933695475,103.85389059003856,35.82666717569033,168.58000361124675
naro1249,20.7458,-22.0939,20.85444478193919,13.383333492279053,25.996667035420735,30.404444795764157,0,78.72333402633667
yong1270,100.9,27.8,8.79166679152598,1.1766666809717814,14.996666844685873,74.2652789271747,3.8033333867788315,207.8933359781901
nava1243,250.62,36.33,8.620277940813038,-3.2600000460942584,21.200000381469728,26.80305595263425,11.820000169177849,46.64666724205017
ncan1245,10.5312,6.50696,23.31638929049174,21.96666717529297,25.74333381652832,153.25278036141145,2.9400000639259813,327.5633377075195
ndau1241,33.1739,-20.1239,23.456389252344767,18.820000457763673,26.670000330607095,67.8302791648234,9.590000107387702,172.25333671569825
ndon1254,17.35,-17.22,22.470833701557584,16.506667137145996,26.320000394185385,51.95138975601229,0.0400000015894572,141.14333521525066
nenn1238,142.032,-8.62183,26.786389282014635,25.376667022705078,27.710000419616698,152.7808359205723,31.49666704336802,274.62000630696616
neng1238,167.964,-21.5305,22.5852781507704,19.396667035420737,25.71333376566569,131.93777988751728,66.56666765213012,222.68000411987305
nucl1706,48.8128,31.3443,24.772222635481093,12.386666870117187,36.00666745503744,20.324444772137536,0,62.6966678460439
nepa1254,85,28,5.5080556293535565,-2.4800000449021655,12.713333479563396,81.18583460808215,13.690000324696303,189.5433354695638
nezp1238,243.592,46.3073,7.843055742213296,-2.810000043114026,18.80333398183187,59.11805664071193,24.400000723203025,83.00333496729533
ngaa1240,127.602,-25.7514,21.619167041778564,12.523333485921224,29.40666700998942,20.161944771765008,7.486666844785214,38.76333388189475
ngal1292,133.936,-13.9783,26.683333688312107,22.01000035603841,30.10000025431315,93.44027929339144,2.4266667485237123,265.5500040690104
ngan1295,134.649,-12.8448,27.002500359217326,23.30333360036214,29.593333689371743,98.30222382050836,0.18333333631356555,265.69333928426107
ngar1288,129.0308,-21.0231,24.633611498938667,15.906667073567709,30.900000254313152,26.852778236733542,4.323333406448365,72.4366673787435
yann1237,134.877,-12.0853,27.083333688312106,23.800000190734863,29.38333377838135,99.5394463268419,0.3900000070532163,269.5700038909912
niue1239,190.14,-19.06,24.351667059792412,22.570000394185385,26.09000047047933,181.33389195336235,86.9933349609375,323.00333836873375
nort2943,216.23,69.582,-12.394722419749531,-28.830000368754067,4.870000108083089,11.863333506116437,4.2766667358577255,26.493333756178618
nort2697,46.4737,40.97768,13.113333564334447,1.163333318630854,25.213333702087404,36.55611181060473,16.11000026067098,66.51333478291829
nort2671,22.1113,68.725,-2.726388946092791,-15.520000330607097,11.610000197092692,38.22972286939621,22.426667165756225,75.74333477020264
nort2952,239.355,40.4102,7.941666797238091,-0.5033333326379459,18.02000052134196,61.79972337132527,7.726666671534379,133.71000235875448
nort2875,121.454,15.6913,24.837778186798097,22.810000292460124,26.510000546773274,212.740836569998,60.083334732055654,349.21333872477214
nort2810,-8.1409,5.17103,24.57277814547221,23.410000356038413,25.710000546773276,181.9583363817798,44.70666773319245,348.5833404541016
nort2646,71.33,34,20.604722526338367,9.066666889190675,31.086667188008626,41.91027867247661,10.960000189145406,96.80666980743408
nort2740,100.20739,18.857495,25.08611145019531,20.046667035420736,28.463333638509116,106.60889091837323,7.300000121196112,263.1900039672852
tosk1239,20,41,14.390278045336405,5.833333428700765,23.30666700998942,94.87833465139072,34.446667249997454,159.21000111897786
nort2690,69.211,40.886,15.15194468850063,1.2533333385984105,28.190000279744467,41.14000070045392,1.4033333577215672,80.59666767120362
yaki1237,239.244,46.2655,7.6750001395535135,-2.226666706552108,18.10000034968058,42.824167446543775,9.01000012929241,90.51333522796631
nort2961,272.2138,51.6192,-1.5650000186637048,-22.46666711171468,16.82333377202352,58.86305648618274,25.073333740234375,97.37333488464355
norw1258,10.71,59.92,5.236388983494705,-4.7066667457421625,16.010000292460123,67.60416775604503,40.10000047683716,94.29666811625162
nuer1246,32.3829,8.13911,28.301111523310343,26.54000040690104,30.993333625793458,69.52139011224111,1.1100000202655793,164.98666966756184
nugu1241,133.908,-31.9899,16.962778086132474,10.993333562215168,22.396667035420737,22.459444787849982,8.19666677688559,35.873333772023514
nung1283,104.286,20.8965,22.99333369202084,16.833333619435628,27.143333625793456,153.02139135930273,20.8933337132136,369.4533406575521
nupe1254,5.40031,9.18404,27.99583370950487,25.96666717529297,31.076667086283365,94.13111297800724,1.4500000447034835,229.00000483194987
nuuc1236,233.33,49.67,8.212222353472479,3.3033333542446295,14.59333356221517,282.0677825424406,86.40000127156576,464.53001098632814
nyan1308,32.8108,-14.8047,23.76583374341329,19.973333867390952,26.726666959126792,83.29639013161263,1.130000008394321,250.60667215983074
nyan1307,30.548,-0.46364,20.389167054494223,19.916666920979818,20.92666702270508,96.17139059172736,36.9933341662089,147.17333577473957
nyol1238,33.9181,0.88072,23.13611152436998,22.196667035420734,24.02333386739095,118.95527985228433,53.17333455085755,217.0800038655599
nzim1238,-2.81123,5.1785,26.291667074627345,24.566666984558104,27.613333702087402,156.52000246511565,30.853334021568298,442.8000071207682
oriy1255,85,21,26.44555597305298,20.00333372751872,32.5933339436849,113.1225021155758,2.9733334362506865,334.9033391316732
oksa1245,142.177,-5.20797,22.305833715862697,21.676667086283366,22.700000381469728,312.33833957248265,278.03333689371743,365.07667490641273
oldb1248,-3.78934,48.2452,10.751111295819282,5.936666802565257,16.283333683013915,91.66055684685708,51.230000813802086,137.2466697692871
oldc1244,114.32,36.12,13.74555577372925,-1.1866666711866856,26.710000292460123,47.18111185495638,4.16333340058724,165.4933369954427
olde1238,-1.31,51.06,9.496666824921139,3.6300000719726087,16.16666701634725,64.07750081419945,46.906667455037436,83.99666798909506
oldf1239,1.11,48.8,10.17277797172881,3.3000000787278014,17.673333644866943,54.591112066639795,45.27000087102254,65.34000145594278
oldk1249,103.866667,13.4125,27.694167031182182,25.153333854675292,29.93333365122477,118.81222441262669,2.1733333726723987,259.60667114257814
oldn1244,10.38,63.42,3.9133334044574033,-3.8100000518063704,12.223333422342936,89.25416802300347,53.063333956400555,127.19000097910563
oldn1245,31.748657,18.760713,28.48388948705461,19.48000040054321,34.7400011698405,1.7494444627935686,0,12.003333445390064
olds1249,-3.9,41.5,11.111666877567767,3.4900000631809234,20.316666984558104,40.68861182441728,16.083333559085926,57.423334248860684
orok1265,143.12819,49.36393,0.19472221895638406,-16.833333651224773,15.390000184377035,62.066112226910064,19.183333730697633,120.8966687520345
orok1267,145.34,-7.81309,26.81833374235365,25.683333905537925,27.41666711171468,271.50972718662683,162.51666971842448,406.83333587646484
osag1243,263.7051,36.7828,14.676111323696873,0.6133333320418995,27.453333791097005,79.96250143216716,31.88333406448364,127.21333554585775
paok1235,97.5969,20.211,22.825833728578356,18.1600004196167,26.236666997273762,112.2808355803084,3.883333371082942,265.7933390299479
paam1238,168.23693,-16.47548,23.627500385708277,22.01333376566569,25.223333740234374,233.73028209474353,162.006671333313,383.2033401489258
pait1244,93.6136,24.0381,19.892500273386638,13.726666768391928,23.073333676656087,164.88861416644522,10.873333533604939,419.0466705322266
paiw1248,120.806,22.3271,22.902778146002028,18.00666707356771,26.60000031789144,188.8288923184077,78.83333479563395,438.7866752624512
pala1344,134.476678,7.34138,27.551111533906724,27.176667086283366,27.916666984558105,270.4161159992218,187.99666964213054,352.0033398946126
pali1273,82.251,24.5271,25.556389321221246,16.293333752950033,33.45333429972331,85.72555687504095,4.536666700492303,294.99667205810545
phal1254,71.8421,35.5096,6.402777918966281,-6.156666747728983,17.643333689371744,61.92027885052893,21.596667075157164,127.53000233968099
pamp1243,120.502,14.9603,27.362778165605334,25.720000394185384,29.21666692097982,201.76889194047286,5.826666794468959,607.1433380126953
pang1290,120.365,15.9377,26.146667040718928,24.503333791097006,27.816666920979817,227.31417112451874,3.1333334262172383,724.6433512369791
papi1253,290.06012,12.48485,28.468333689371743,26.896666781107584,30.10666700998942,35.3191673013899,9.043333456913631,84.51333408355713
pedi1238,29.471800000000002,-24.7993,20.26000031100379,13.596666844685872,24.796667035420736,46.47444535301378,1.9500000402331352,99.3300011952718
penn1240,283.6789,40.030507,10.808889079135325,-2.61333335613211,23.3133337020874,91.26250166495642,72.18333422342936,102.77666886647543
pidg1254,235,55,0.42444443255662917,-13.760000387827557,12.513333574930828,45.817778589990404,23.49000047047933,56.20000127156575
pint1250,130.643,-23.2963,22.16416699356503,12.90333350499471,29.63333371480306,25.880556065837542,9.570000175635021,53.620001284281415
plai1258,249.537,51.2437,3.324444514140487,-13.406666962305703,18.410000483194988,25.851944902208118,10.670000092188518,58.150000762939456
plat1254,47.1211,-19.5907,16.04277806017134,12.31333360671997,18.783333778381348,116.92555756469568,10.620000167687733,293.4500035603841
plau1238,250.646132,49.578028,3.49222228133844,-11.206666787465412,17.32000036239624,32.94833390050464,16.48666706085205,64.06333405176798
pnar1238,92.2628,24.8237,24.44166703754001,17.930000495910644,28.030000305175783,283.7608389516258,9.093333402027685,660.5933441162109
pohn1238,158.223,6.87212,26.534444851345487,26.21333376566569,26.8500005086263,379.3252839247386,255.30000591278076,460.7033378601074
pola1255,14,52,8.88333350299961,-1.596666683256626,18.493333689371745,45.51972300079134,31.186667426427206,62.07000160217285
poli1260,18.6255,51.8439,8.472222389425669,-3.7233334029714262,18.88333377838135,44.09833411110772,24.896667003631592,74.79666817982992
port1283,-8.1,39.91,15.483333626058368,9.503333536783854,22.203333854675293,80.24916799741072,9.41333350961407,132.90333461761475
powh1243,282.79248,36.99422,14.727778020666705,3.020000031590462,25.523333676656087,95.04722403155432,77.02333507537841,126.65333557128906
pula1263,-13.4482,13.8694,28.83833383984036,25.09333381652832,33.52000096638997,69.37389024624395,0,244.18333892822267
pulu1242,149.2005,7.35695,27.678611522250705,27.50666707356771,27.880000368754068,358.5036169052124,212.9966682434082,495.0133382161458
rabh1238,91.1689,25.8248,20.908611451254952,14.12666686375936,24.90333366394043,432.6666728682816,8.160000080118575,1257.7100179036458
rade1240,108.41,12.979,23.559167114893597,20.62333393096924,25.733333841959634,139.57027998566628,8.203333481152852,263.89667154947915
ralu1237,152.114,-4.30986,26.606667036480374,26.27333386739095,26.880000432332356,227.09778118663363,159.36667035420734,345.44333902994794
reel1238,30.49451,6.32234,27.59277818997701,25.97666702270508,30.200000508626303,84.26333497468795,1.036666681865851,171.95000381469725
rend1243,37.3608,2.27065,26.450000381469728,24.89000047047933,27.910000483194988,49.23472315799445,6.286666754881541,186.42000465393068
renn1242,160.265,-11.6237,26.388333781560263,25.6000005086263,27.016667111714682,233.55972557067872,169.2066680908203,330.90333964029946
rita1239,135.259,-13.4559,26.60305593278673,22.6000005086263,29.40333366394043,97.72111273122331,0.8166666835546493,263.4166717529297
roma1327,24.2256,46.3913,9.086111267863048,-3.603333403170109,19.00000025431315,50.36416740814845,27.590000677108765,91.99333432515462
romb1245,122.56,12.4047,25.77222255600823,24.323333803812663,27.303333727518716,174.06889185375638,51.02000090281169,301.0666742960612
rong1269,120.702,-8.84604,23.350000365575156,21.990000534057618,24.59333381652832,246.02889289814564,36.176667194565134,499.6600087483724
rotu1241,177.066,-12.5008,27.035278171963164,26.29333381652832,27.570000203450522,264.49694913228353,180.99000307718913,336.00000381469727
rovi1238,157.408,-8.20493,26.634167003631593,25.570000394185385,27.036666997273763,297.91639421251085,233.7300038655599,416.1433405558268
rung1259,116.743,6.83989,26.706111494700114,25.80000031789144,27.606667137145998,199.321948422326,97.73666852315267,326.80667368570965
russ1263,50,59,1.9141667017506225,-15.096667003631591,18.126667149861653,53.0252787295315,28.266667075951894,87.65333506266276
sgaw1245,97.7126,17.9872,25.13361147244771,21.58000030517578,28.5600004196167,162.1550024814076,4.236666736006737,438.6433359781901
saaa1240,161.467,-9.60258,25.977222606870864,25.3100004196167,26.706667073567708,269.4730602476332,192.1000051498413,375.7000089009603
saba1279,45.35,15.42,23.090278159247504,17.79000047047933,27.96333376566569,26.255833818018438,4.3633333685497435,50.95333463350932
sadr1248,84.8114,23.6585,23.96000040107303,15.853333536783854,30.996667035420735,105.66583553786494,5.1800000935792925,330.2533432006836
samo1305,188.17,-13.92,26.790000369813708,25.983333778381347,27.38666706085205,255.8525048441357,131.99000231424967,419.6966740926107
sanb1242,281.6925,9.15686,26.04083366394043,25.31000035603841,27.120000330607095,185.7652809778849,44.09333432515462,274.7866719563802
sana1295,44.8412,15.6552,21.987778186798096,16.46000057856242,27.050000381469726,27.98722269276364,5.313333426912626,54.52000066439311
sang1328,20.1702,6.78584,25.391667042838204,23.896667098999025,27.733333905537922,113.91639058865194,1.7000000258286796,235.76000569661457
sans1269,77,20,26.898333724339803,21.160000483194988,34.12333374023437,77.00055723825676,8.413333421200514,244.46667149861653
sant1410,87.8185,25.0317,24.795278165075516,16.740000406901043,29.230000241597494,116.24277945053245,4.063333391149838,367.33667551676433
sanz1248,47.5667,41.97796,5.598888986702595,-6.880000054836273,18.28333371480306,54.13416781326135,27.78000052769979,93.26666882832845
saur1248,77.9427,9.99172,26.74861149787903,25.0233336130778,28.876667149861653,84.34055690452871,20.04666712855299,196.6600030263265
savo1255,159.814,-9.12853,26.007500399483575,25.186666933695474,26.303333791097007,195.96833649079005,108.36333527565003,334.74333877563475
scot1243,-3.710133,55.886945,7.300000120906366,2.0000000258286796,13.400000095367432,88.25666811201307,56.00000120798747,111.69666792551676
scot1245,-5.24366,56.7574,6.963333448891838,2.2200000368058683,12.393333466847738,221.62222600513036,127.46333573659261,300.0733362833659
sele1250,147.234,-6.03532,19.000000365575154,17.88333377838135,20.013333638509113,232.13417088720533,135.13000316619872,353.5300078074137
sema1266,101.477,4.13257,25.2663892004225,24.710000546773276,25.906666882832845,238.77528172598946,167.13333549499512,338.8300048828125
semb1240,116.799,4.22102,25.491944832272,24.710000419616698,26.20666726430257,228.23361525005765,184.80667037963866,276.36000493367516
sene1264,282.47,42.56,7.823889016132388,-5.626666741321484,20.50000025431315,68.74639024602043,42.926667563120525,91.56000188191732
sout1528,18.81,44.15,8.894444563757215,-1.7200000387926895,18.13000027338664,78.21500151753426,60.81000127792358,103.5966677347819
shan1277,98.0342,21.5995,21.999722560246784,16.35666716893514,25.35666707356771,111.14027959472602,6.11333335240682,264.18333892822267
shan1293,121.475372,31.222902,15.936389115949472,3.8600000739097595,28.006667137145996,94.42861277918435,36.703334000955024,161.09000295003256
shat1244,29.7687,10.8525,28.227500422795615,26.110000610351562,31.92666702270508,58.90805655001766,0,157.5100018819173
shek1244,35.3922,7.27424,23.135278108384874,21.783333651224773,24.986666997273762,117.50028003884687,26.720000310738882,205.57000452677408
shil1265,31.7926,9.85472,28.439167102177937,26.746666971842448,31.80000057220459,59.10194558275657,0,162.60000254313152
shon1251,29.75725,-17.20849,21.04666704336802,16.073333581288654,24.360000483194987,67.10250118333433,0.7266666782399018,202.79333674112956
shos1248,244,41,6.201666785217821,-4.513333447774251,18.68333371480306,31.271667302979363,13.66666684250037,43.30333448648453
sici1248,14.0414,37.5735,14.098333589235942,6.790000120798747,22.833333651224773,41.45555613268581,8.75000016093254,73.02666845321656
sida1246,38.3729,6.74176,19.28111145761278,18.243333689371745,20.676667149861654,104.55444630930822,20.580000565449396,173.98666966756184
siee1239,169.166,-18.8181,23.363333702087402,21.0133337020874,25.816667111714683,199.799170255661,107.25000203450521,357.31667175292966
sina1266,147.861,-9.79791,25.787222629123264,24.600000445048014,26.70000031789144,162.4236141204834,92.23333390553792,230.6600034077962
sind1272,69,26,26.759722691112096,15.52000020345052,35.18666725158691,11.000555724340181,1.130000014603138,49.550000510613124
sing1272,-1,53,9.143611275052859,3.4166667540868123,15.796667003631592,59.21750096744961,53.033333492279056,67.99000132878622
sinh1246,81,8,27.507778125339083,25.396666971842446,29.093333562215168,127.1775017487506,30.490000375111897,289.38333689371746
slov1269,18.78479,48.545705,7.013055681996047,-4.110000048577786,16.510000387827557,71.75861239433289,48.900000937779744,110.59666811625164
slov1268,14.7766,46.2543,7.613889007911913,-2.62000004251798,16.98000014623006,117.98472435755862,75.50000109473864,159.89666926066081
soma1255,45.152856,4.778704,27.78777814441257,26.88666706085205,29.21666711171468,24.966666993643678,0.22333333442608513,72.13666744232178
sora1254,84.19,19.1213,24.22472267150879,19.39333375295003,28.113333892822265,101.28277953916952,7.100000186264515,241.63667068481445
sout3283,-1,53,9.143611275052859,3.4166667540868123,15.796667003631592,59.21750096744961,53.033333492279056,67.99000132878622
koon1244,14.4771,-5.57722,23.915278106265596,20.71000035603841,25.49333381652832,101.51611273021749,0.0900000013411045,239.0500040690104
sout2859,168.211,-16.2975,23.627500385708277,22.01333376566569,25.223333740234374,233.73028209474353,162.006671333313,383.2033401489258
raro1241,200.22,-21.23,23.935555924309625,21.8000005086263,26.196667035420734,181.22166940636106,100.02333393096924,263.6900043487549
sout2668,72.1702,33.2122,22.872500411669414,11.49666690826416,33.073334248860675,57.219167565595775,12.896666895846526,172.35000178019206
kach1280,97.3278,25.4634,23.543611505296496,16.786666933695475,27.00666700998942,161.60916963074772,10.860000084837278,469.0066782633464
sout2807,27.89,-28.78,15.096111418141259,7.906666851043701,21.09000040690104,57.18388977383988,9.876666810611884,109.82333590189616
sout2832,28.0613,8.81115,28.237222560246785,26.400000190734865,31.456667200724283,73.54111255399056,0,199.8800038655599
stan1288,-1.11788,40.4414,10.201944599383408,2.493333379427592,20.023333485921224,49.414167451899914,34.656667256355284,65.31333430608115
squa1248,236.986,49.3231,8.582222385456165,1.5866667032241821,16.31666701634725,159.38389162938628,64.72000164985657,280.703337987264
stan1318,43.8525,27.9625,23.436667068799338,11.283333524068196,33.496667098999026,14.897500001183815,0,37.81666628519694
indo1316,109.716,-7.33458,24.25611146291097,23.266667048136394,24.913333638509116,334.16694943509583,91.6600020100673,624.6200093587239
stan1306,101.699,3.08896,26.140555959277684,25.59666716257731,26.79333362579346,197.08722609413994,130.13666839599608,290.3366719563802
suau1242,150.21,-10.6606,25.747778134875826,24.480000559488932,26.60000031789144,184.69028066264258,121.06666825612386,240.05333658854167
suda1236,33.3179,17.8021,28.74583386845059,20.5733336130778,34.400000762939456,4.816111171307663,0.006666666766007739,27.083333541701236
sume1241,45.6667,31.3,24.552222689655093,11.286666878064473,35.90333391825358,9.150000183263586,0,21.62666721343994
sund1252,107.106,-6.89708,25.12916703224182,24.616667048136392,25.5133337020874,211.415003251036,87.99333478609722,317.6100031534831
surs1246,152.768,-3.99078,25.27055591477288,24.97333354949951,25.58000030517578,243.4738923019833,194.06666870117186,317.1233373006185
suss1239,-1,53,9.143611275052859,3.4166667540868123,15.796667003631592,59.21750096744961,53.033333492279056,67.99000132878622
swah1253,37.624,-8.25605,25.59111148516337,22.86000016530355,27.326667022705077,108.43916845056746,8.540000188350678,288.5500030517578
swat1243,31.5,-26,18.436111426353456,13.903333473205567,21.91666711171468,91.71027934104204,14.153333655993142,188.19666862487793
swed1254,17.389526,59.800634,5.398055634689,-4.493333375453949,16.020000235239664,45.74083411875698,26.90666716893514,71.90333493550618
taga1270,121.747,14.06,25.67500040796068,23.726667086283367,27.226667086283367,255.12667146523793,92.54333461125692,482.8700096130371
tahi1242,210.55,-17.6485,21.40805591477288,19.870000394185386,22.693333625793457,141.83416878912183,49.046667400995894,289.5166704813639
taid1250,103.570496667,21.84898,24.14472261534797,17.526667086283364,28.646667035420737,146.4886138846477,23.39333346684774,346.97667185465497
tain1252,99.722,21.7837,20.851389278305902,15.526666863759358,24.15000057220459,118.14500206526783,10.796666781107586,271.3100067138672
taku1257,157.032085,-4.773094,27.07888929049174,26.69666716257731,27.3100004196167,242.7855591668023,189.01000264485677,297.986669921875
tali1258,29.9494,0.676185,22.205000342263116,21.51666685740153,22.916667175292968,98.16333506769604,50.61333411534627,134.32333501180014
tali1259,160.231,-9.76764,24.550833707385593,23.690000343322755,25.096667035420737,222.80000348819627,137.130002617836,357.2400032043457
malo1243,167.16,-15.6835,25.132500399483575,23.806667264302572,26.330000368754067,236.7791704191102,167.64333620071412,367.1266723632813
tami1289,78.825989,10.520219,28.377778153949315,25.496667289733885,31.080000368754067,75.72944582324061,8.493333404511214,187.19000307718912
tamp1252,-1.35467,9.75577,28.207222557067873,25.960000483194985,31.45333366394043,88.90944608648618,1.203333339095116,218.37333653767902
tana1290,216.662,63.4046,-5.141388964901367,-24.423333740234376,13.320000298817952,27.012500435445045,10.62666686375936,63.783334223429364
nucl1696,11.3228,9.75444,26.24833369255066,23.333333587646486,30.246666971842448,81.37416771933852,0,245.59666951497397
tang1348,153.611,-4.08824,26.032778141233656,25.686667060852052,26.293333689371746,248.42250389522977,188.8100041071574,333.74667027791344
tari1263,-3.430616,34.916974,16.831666935814752,10.39666681289673,25.073333676656087,37.2622228735437,3.8533333758513133,63.860001216332115
tata1255,49.11577,55.79592,3.838333410190212,-13.183333460489909,19.823333676656087,45.02055646570192,26.66333378156026,68.11000159581502
taus1251,118.88,5.12236,26.025278170903523,25.603333791097004,26.603333727518717,192.8711148262024,142.5000036875407,287.39333826700846
diga1241,96.8803,28.4993,10.550000194708506,2.883333377043406,16.89333381652832,88.36194579998651,9.606666755676269,210.26333669026693
tbol1240,124.538,6.20377,24.29694480366177,23.59666697184245,25.13000062306722,152.08000276817216,95.01000154813131,204.56000595092775
tean1237,166.868,-11.6752,25.928333690431383,25.306667200724284,26.63666706085205,334.8561177571614,252.49333699544272,419.10333862304685
tedi1235,93.519,23.6079,18.637778102027045,12.746666812896729,21.79333362579346,191.78028058078553,8.99333348274231,492.40334167480466
teee1242,7.37553,4.73213,25.34888922373454,24.163333574930828,26.706667073567708,206.17472562998947,30.220000433176757,378.8666717529297
tele1256,141.731,-5.07444,21.398611497879028,20.78333371480306,21.79666697184245,403.4166737662421,346.22667236328124,454.72667541503904
telu1262,78.7024,16.4529,26.557222578260635,21.8733336130778,31.893333689371744,63.47055660838054,1.5733333555360633,156.1866694132487
temi1246,101.438,4.974,24.540833706325955,24.00000025431315,25.206667200724283,245.1797273688846,137.58666928609213,379.3333407084147
teop1238,154.971,-5.67474,24.737500360276965,24.176666704813638,25.10666700998942,254.69361531999377,219.91000213623047,304.19333801269534
tere1278,155.745,-6.70051,26.286111508475408,25.576667086283365,26.613333702087402,314.42444966634116,257.000005086263,408.9066716512044
tetu1245,125.528,-9.11217,25.585833740234374,24.210000419616698,26.53333371480306,87.44389046894179,9.013333479563396,191.3766705830892
thai1261,100.671,14.192,28.39444483651055,25.646667098999025,30.67666702270508,123.7733351851503,7.400000051409006,306.1900039672852
thao1240,120.93,23.8333,19.59583366447025,13.593333498636882,24.70000025431315,166.58028075562584,59.65000136693318,337.3833418528239
thay1249,142.034,-14.8159,26.47777813275655,22.710000419616698,29.213333892822266,102.96611333605316,0.49333334639668464,339.47000745137535
thom1243,239.807,50.1668,3.9433334123757144,-7.11666673819224,14.626666927337647,37.99944510062536,25.463333717981975,53.59333432515462
tibe1272,90.1872,28.3681,-4.815277867764234,-14.333333524068196,3.6733333905537924,26.77472264714953,3.350000065316757,67.49333419799805
tigr1271,38.9266,15.3359,18.381389228502908,15.843333594004314,20.763333574930826,39.99055620779593,5.550000162174304,154.85000292460123
tiko1237,168.822,-12.2766,26.040833722220526,25.02666695912679,26.940000279744467,268.4150045818753,205.9966687520345,367.99667104085285
tiri1258,165.792,-21.8147,22.38472255071004,19.09666690826416,25.51000035603841,138.9269472665257,68.16333505312602,234.82667242685955
tivv1240,9.26287,6.88039,25.945555930667453,24.60333366394043,28.2733336130778,168.20139114951922,6.993333439528942,347.5633356730143
tiwi1244,130.949,-11.6308,27.404722605811223,24.896667035420737,29.000000127156575,147.55333571417464,2.403333392739296,398.05000864664714
toab1237,160.619,-8.39233,25.658333656522963,24.70000025431315,26.496667035420735,264.825838025411,175.17000503540038,390.30000330607095
toar1246,146.206,-8.07231,26.616944832272,25.393333689371744,27.4100004196167,199.02972581651477,149.81000340779622,247.35333913167318
toho1245,248.005,31.7973,19.13250029351976,10.226666927337646,29.193333625793457,32.551667098928654,5.860000115633011,80.76000073750814
tokp1240,147.303,-9.41971,25.81583373281691,24.583333841959636,26.696667098999022,172.9280585606893,67.92000166575114,271.84334157307944
toke1240,188.219167,-9.227642,28.08166698879666,27.78000036875407,28.420000330607095,228.11555893686082,161.87000255584718,353.4766700744629
tong1325,184.75,-21.17,24.27888927989536,22.086666997273763,26.773333676656087,133.31916876766417,73.38666769663493,263.2200042724609
tonk1249,263.25,30.25,20.302222555213504,9.686666758855184,29.316666920979817,80.31777894563145,46.02333447933197,122.06000181833903
toto1302,88.975,26.67,23.334722577200996,15.993333594004314,27.416666793823243,269.9350052563473,5.273333423584699,902.8466837565104
trin1276,298.5829,10.4208,26.168055937025283,24.993333752950033,26.820000394185385,178.48250333070754,54.52666732470195,281.99333979288735
tson1249,31.8105,-23.5754,22.975833665000067,17.08333355585734,27.50000025431315,37.3044450852606,6.960000209013621,84.52666829427083
tswa1253,24.7587,-24.368,20.425278115272523,13.196666844685872,25.41666711171468,35.61583394308885,1.3366666925450168,86.42000211079916
tuam1242,213.678245,-16.17259,26.982222647137114,25.856667200724285,27.973333740234374,132.4144466665056,64.99333477020264,209.00333569844562
tulu1258,75.2651,12.8114,26.857222572962442,25.506667137145996,29.193333752950032,332.2505605422995,0.8033333371082942,1359.4800170898438
tumu1242,-1.79707,10.63451,28.194722615347967,25.973333676656086,31.670000521341958,80.01916774383022,0.643333355585734,237.02000401814777
tuni1252,267.4597,30.9888,19.302500247955322,9.086666790644328,27.803333791097007,122.11250218384795,101.2700009226799,154.45667037963867
turk1308,35.7101,4.30688,27.210833666059706,25.980000432332357,28.590000216166178,30.769445047299893,12.6133337435623,97.23000164031983
nucl1301,32.8667,39.8667,10.50583350772245,-1.093333335965872,21.21333344777425,32.46083389595151,8.380000185966491,52.42666727701823
turk1304,59.17574,37.08719,13.010000183267724,-0.006666663289070109,26.61666711171468,22.791389223891827,2.076666713257631,55.48666731516521
tuva1244,179.198088,-8.520813,27.974722539054024,27.713333638509116,28.226666959126792,266.95833784739176,199.30666961669922,362.246674601237
tuvi1240,94.36667,51.7,-3.0027778138096135,-27.08333377838135,17.200000286102295,62.29277889861001,22.16000018119812,125.88000195821127
tuwa1243,121.113,16.6646,24.226944822735256,21.910000228881835,26.01666692097982,212.49111514555082,35.8200006087621,419.796674601237
twee1234,153.286993,-28.028726,18.463889190885755,12.976666863759359,22.940000279744467,135.87750239001795,46.27000085835655,220.18667119344076
tzot1259,267.26120000000003,16.6362,19.387500431802536,17.20333375930786,21.006666946411134,115.39416859358963,10.593333542346954,272.84667053222654
ugar1238,35.78,35.6,18.216667012373605,9.573333565394083,26.610000356038412,70.95416801294519,2.1266667204598586,175.35667212804157
uigh1240,87.38,43.88,6.976666818538474,-12.550000127156576,23.596667035420737,19.11416700385097,6.406666763871908,34.90333396593729
ukra1253,29.945,49.796,7.703333471218746,-5.653333423286677,18.98000036875407,51.04194531440735,34.46000078519185,84.41666816075643
ulst1239,-3.710133,55.886945,7.300000120906366,2.0000000258286796,13.400000095367432,88.25666811201307,56.00000120798747,111.69666792551676
unam1242,285.7,40.4,11.689722446228068,-1.0766666675607361,23.79000040690104,97.05333492888344,80.83666801452637,113.68333568572999
uppe1439,236.831,46.7981,9.806111298501492,3.6033334096272784,16.81333367029826,143.535002553463,31.706667327880858,269.9000045776367
uppe1395,14.4098,51.2403,8.570555706674027,-1.4066667156914872,17.870000489552815,56.381112060281964,38.3200005531311,77.02666753133138
urak1238,99.0768,7.5258,27.54388925764296,26.51333376566569,28.93666712443034,191.0016703337431,25.576667018731435,347.19667154947916
urdu1245,67,25,25.619444823265074,17.126666927337645,31.590000597635903,16.830833529267046,0.4466666705906392,76.8400005797545
urho1239,5.86148,5.31155,26.723333687252467,25.21000010172526,28.340000343322753,218.28333714962417,28.703333854675293,431.9966715494792
urip1240,167.34643,-16.00951,24.340833748711482,22.816667302449545,25.820000330607098,229.72472622527016,157.49666856129963,369.36334025065105
utes1238,249.695,40.0965,6.358055708909201,-8.630000122388203,20.410000483194988,22.38694484796789,17.786666878064473,28.266667332251867
vend1245,29.9523,-22.188,22.374167047606573,15.80333366394043,27.103333536783854,29.865556034114622,0.8266666700442633,63.54000122075279
viet1252,105.774071,20.681188,24.314444835980733,17.313333606719972,29.620000394185386,138.08416932920616,20.80333370765051,313.4500045776367
vure1239,167.451412,-13.905677,24.990000422795614,24.000000381469725,25.936666933695474,285.19167190127905,212.50667037963868,402.99000549316406
wamp1249,286.6852,41.705,8.1263890415844,-5.426666774352392,20.826667022705077,99.33500176138348,81.24000104268391,113.26333535512289
wamp1247,146.662,-6.67364,24.222222577200995,22.973333676656086,25.223333867390952,204.02250317467585,154.11666971842448,248.92666931152343
wand1263,135.705,-14.2996,26.964722601572674,22.316667111714683,30.29333362579346,90.62889056559652,0.5166666693985462,251.65667088826498
wara1303,300.6472,7.50851,26.445555951860214,25.63000030517578,27.286666870117188,219.78194819026524,115.26666831970215,366.10333862304685
wara1300,125.012,11.4911,26.422778177261353,24.900000254313152,27.31666717529297,283.4450051519606,180.15333633422853,497.23668060302737
wari1262,116.927,-24.353,23.61583371427324,15.186666997273763,31.176667086283366,22.53222266692254,3.4233334049582482,53.30666790008545
warl1254,131.05,-20.1008,24.843889262941147,16.386667029062906,30.900000508626302,37.0488894611597,4.533333392937979,102.6133352279663
wels1247,-4,52,7.87194457873702,2.6100000239908696,13.700000222524007,143.36305784251954,97.19333457946777,210.67000274658204
wers1238,124.932,-8.33936,24.05583373175727,22.9100004196167,25.01000035603841,120.11055805418226,31.306667598088584,220.06667149861653
west2721,36.7365,8.81391,19.342778142293295,17.936667188008627,21.376666895548503,137.72389170142512,15.193333596487841,314.87000630696616
west2599,143.73,-6.32097,19.92305590841505,18.88666706085205,20.516666984558107,244.03278198242188,165.37000274658203,310.19333801269534
west2630,287.3489,46.1381,4.8955556480214,-12.130000193913778,19.876667086283366,82.42305699984233,55.90333423614502,100.43666954040528
west2615,249.877,33.8574,12.64944464887182,3.153333383798599,23.51666692097982,41.95750078277455,12.14000024497509,92.05000197092691
west2555,124.825,7.6682,22.630833705266316,22.0100004196167,23.50333366394043,209.5030597700013,105.48000224431357,317.26000620524087
west2618,263.852,64.3486,-12.255278013957042,-32.716667620340985,10.906666882832845,20.382222590678268,5.986666756868362,41.203333918253584
west2369,53.3,32.9,17.546944750183158,4.246666743357976,30.340000343322753,7.831944587681856,0.013333333532015481,16.993333677450813
vlaa1240,3.11345,51.0754,9.965277956260575,3.3000000317891436,17.183333683013917,64.23416781160566,46.55333445866903,80.28000119527181
west2354,5.86091,53.143,8.898333479401966,1.9966667150457702,16.170000267028808,64.93361230691274,42.69666705131531,85.69666837056478
west2624,261.2289,21.3711,23.588611465030247,18.086666997273763,27.54666697184245,147.78472437991036,51.373334376017254,374.90333404541013
west2763,36.484,33.8162,12.116666862120232,2.7966667145490645,20.8100004196167,51.21666734531108,0.10666666800777116,130.1066685994466
west1510,257.475,50.5664,1.5675000560780368,-18.61000026067098,18.19000047047933,34.75916723476516,16.65666677157084,65.05666805903117
west2386,75.3474,30.0948,24.526389349831476,13.296666876475017,33.960000864664714,39.32083411965933,2.923333381861448,142.21000391642252
west2420,82.7348,28.6521,8.575277923109631,-0.4866666801273823,15.883333587646485,77.00000136918905,14.17333349113663,195.8033368428548
west2452,-12.3331,8.90294,26.738611512713963,25.393333625793456,28.723333740234374,247.27722649760545,1.7733333572745322,692.7200032552083
sanj1284,263.4033,17.0332,16.92055589887831,14.6866668065389,19.106667137145998,61.977223176426364,8.183333500226338,148.2066687266032
west2443,143.6694397,-34.13829932,17.330555828412376,9.620000235239665,24.796667098999023,28.643333833830226,22.15000048776468,34.75333398977916
wikm1247,141.81611,-13.98051,26.646389298968845,23.42333354949951,29.030000305175783,125.01083532137176,0.30000000521540643,394.9066716512044
wilt1234,-1,53,9.143611275052859,3.4166667540868123,15.796667003631592,59.21750096744961,53.033333492279056,67.99000132878622
wira1265,134,-32,17.29944474167294,11.593333594004314,22.710000419616698,24.280000297538937,7.480000051359335,42.98333366711934
wole1240,143.916,7.37957,27.69638926188151,27.483333524068197,27.916666920979818,364.1666666666667,228,528
nucl1347,-15.383,15.2534,28.43888929684957,24.276667213439943,31.263333956400555,37.00388944807152,0,153.3500021616618
wuch1236,119.682,29.8621,15.992500229510995,3.776666722695033,28.010000483194986,123.94027989245951,46.90000036358833,229.40000381469727
nung1290,135.753,-14.2623,26.964722601572674,22.316667111714683,30.29333362579346,90.62889056559652,0.5166666693985462,251.65667088826498
xhos1239,28.0769,-31.0389,14.691944715711806,9.106666787465413,19.52333386739095,55.83055644132611,14.200000187257924,97.10666761398315
xara1244,165.996,-21.7034,22.38472255071004,19.09666690826416,25.51000035603841,138.9269472665257,68.16333505312602,234.82667242685955
yabe1254,147.81,-6.67052,25.410555908415052,24.186666997273765,26.42333367665609,319.6805613411797,199.09667116800944,471.6233408610026
yaga1260,145.388,-6.32432,19.99194481637743,18.983333587646484,20.703333600362143,192.73694814046223,97.00333544413249,279.1366729736328
yaka1277,122.021729,6.531023,26.71138925022549,26.30000031789144,27.213333702087404,152.28639163176217,71.3000015894572,236.55000534057618
yana1271,238.392,39.2769,16.26027808321847,7.2166668256123865,25.200000381469728,48.821945358026355,0.8266666854421297,120.55000286102295
yand1253,140.583,-28.4744,21.853889237509833,12.600000254313152,30.166667175292968,14.886666936344572,6.43000014225642,27.460000387827556
yank1247,133.577,-26.4064,20.50138922797309,11.193333530426026,28.79666697184245,18.418889207641282,7.526666794220606,35.413334027926126
yaoo1241,35.2387,-13.6119,21.67472260263231,17.97666702270508,24.323333803812663,92.57055734780927,0.6400000100334486,259.9900060017904
yape1248,138.125,9.55811,27.306944815317788,26.78000036875407,27.71000035603841,290.47583801349003,168.00333506266276,387.04667510986326
yaqu1251,249.319,29.9446,21.371944801012674,13.550000127156576,29.31666685740153,34.07333399407152,2.3600000297029817,120.67666829427083
yeyi1239,23.6088,-18.9178,22.704444811079238,16.170000394185383,26.506666946411134,46.222778494987224,0,138.23000157674153
ying1247,115.58,-25.4446,23.093611481454637,14.973333549499511,30.8966672261556,17.44944472435034,2.666666713853677,37.303333854675294
yiry1245,141.767,-15.1117,26.79500037299262,22.73666706085205,29.72333393096924,103.12527980972081,1.240000026424726,350.41333923339846
yoga1237,121.718,16.7015,26.501389265060425,23.81333376566569,28.516666984558107,204.24194797674815,70.42666721343994,390.5700068155924
yort1237,145.01,-35.9,16.237778047720592,8.61000018119812,23.793333689371746,38.11694505895591,27.336667265743017,47.07666770617167
yoru1245,3.67225,7.15345,26.861944829093083,24.86666711171468,28.900000445048015,116.20194645824118,7.926666779567799,220.41666946411132
yuca1254,271.0433,18.7757,25.49111142158508,22.510000292460123,27.523333676656087,99.54166823824247,25.986667172114053,191.633336130778
yuec1235,113,23,22.210833676656087,13.686666933695475,28.91333376566569,150.94583529999687,27.026666967570783,309.986670811971
gami1243,149.543,-29.9037,18.838889235920377,10.29000031153361,26.430000495910644,51.513056403439904,30.34000065177679,87.38000152905782
yama1264,291.7352,-55.2748,4.851388982538548,0.9666666761040688,8.326666847864788,60.06083449257745,48.24000097910563,72.35000165303548
zand1248,26.7157,4.62047,24.91861147880554,23.63000030517578,26.55000031789144,126.31333554879659,13.116667003681261,210.5666702270508
zigu1244,38.41138,-5.61864,24.533889314863416,22.090000343322753,26.620000457763673,90.20500143369038,32.56666736602783,221.76666971842448
zulu1248,30.2,-28.9,18.02833364804586,12.123333485921224,22.403333600362142,63.50361220950468,6.416666799535355,132.30666898091633
zuni1245,251.218,35.0056,9.060000194733343,-2.083333394179742,21.086666997273763,26.197778220764466,11.756666753689448,55.746667098999026
ayiw1239,166.328715,-10.282595,27.038333665000067,26.59333388010661,27.64333349863688,356.1166687011719,270.3999938964844,421.8999938964844
