word,estimate_set,se_set,convergence_set,estimate,se,family,convergence,delta,zeta
ice_group,-7.740709199312054,0.027783456402679194,converged,-5.397291526960853,0.19994357703451784,Eskimo-Aleut,converged,2.343417672351201,11.608853597531972
snow_group,-7.399315657384432,0.026185962528583316,converged,-5.351877905314708,0.1912393402955925,Eskimo-Aleut,converged,2.0474377520697242,10.60717736452887
snow_group,-7.399315657384432,0.026185962528583316,converged,-6.19124282322929,0.11941304583247664,Algic,converged,1.2080728341551419,9.881947477856029
snow_group,-7.399315657384432,0.026185962528583316,converged,-5.894292780095957,0.16019947539542231,Athabaskan-Eyak-Tlingit,converged,1.505022877288475,9.27163404194307
ice_group,-7.740709199312054,0.027783456402679194,converged,-6.1707207488752625,0.1681728833566863,Athabaskan-Eyak-Tlingit,converged,1.5699884504367914,9.210711912093553
ice_group,-7.740709199312054,0.027783456402679194,converged,-6.612672713188079,0.12777561093468784,Algic,converged,1.1280364861239747,8.626682120308498
wind_group,-5.921646013282238,0.013282826759515063,converged,-5.726560130872709,0.023215328287374437,Austronesian,converged,0.19508588240952918,7.293835114988324
wind_group,-5.921646013282238,0.013282826759515063,converged,-5.490473950471485,0.07253403025296637,Algic,converged,0.43117206281075315,5.847176791991642
ice_group,-7.740709199312054,0.027783456402679194,converged,-6.66082908420989,0.18598558361482956,Uralic,converged,1.0798801151021635,5.742535771984755
ice_group,-7.740709199312054,0.027783456402679194,converged,-7.463360239079715,0.04173112094721625,Indo-European,converged,0.2773489602323389,5.532165196233998
snow_group,-7.399315657384432,0.026185962528583316,converged,-6.383523693283876,0.1841258459112743,Siouan,converged,1.015791964100556,5.461876151266721
taste_group,-6.668174920373166,0.011424352868029524,converged,-6.280554287734608,0.07471481853758422,Algic,converged,0.3876206326385576,5.128396767598537
ice_group,-7.740709199312054,0.027783456402679194,converged,-6.770292422917968,0.19205280616853862,Siouan,converged,0.9704167763940861,5.00080644153872
dance_group,-7.065078338799527,0.02816842071509926,converged,-6.169704236094647,0.186913234179486,Uto-Aztecan,converged,0.8953741027048796,4.73683129439865
rain_group,-6.4730328985387,0.017478542464112987,converged,-6.275600195183241,0.038927673398512025,Atlantic-Congo,converged,0.19743270335545926,4.626796862404573
wind_group,-5.921646013282238,0.013282826759515063,converged,-5.3963623374065195,0.11827592911884988,Eskimo-Aleut,converged,0.5252836758757189,4.413427273261157
rain_group,-6.4730328985387,0.017478542464112987,converged,-6.313364128711847,0.03188302068206914,Austronesian,converged,0.15966876982685285,4.391368743938694
wind_group,-5.921646013282238,0.013282826759515063,converged,-4.765368831672705,0.2683767754096168,isolate_yama1264,converged,1.156277181609533,4.303142778153736
dance_group,-7.065078338799527,0.02816842071509926,converged,-5.908011104828509,0.2756818438833925,Wakashan,converged,1.1570672339710182,4.175371506407809
dance_group,-7.065078338799527,0.02816842071509926,converged,-6.837411852394614,0.04833296970991328,Austronesian,converged,0.22766648640491294,4.069669459929627
dance_group,-7.065078338799527,0.02816842071509926,converged,-6.035593908157285,0.2618920917032338,Muskogean,converged,1.029484430642242,3.9084065455648007
snow_group,-7.399315657384432,0.026185962528583316,converged,-6.624615953828269,0.2130488902942026,Salishan,converged,0.7746997035561627,3.609094051939121
smell_group,-6.425135577446885,0.012791009615760345,converged,-6.321139304457173,0.026244659551397095,Austronesian,converged,0.10399627298971215,3.5620340937062513
snow_group,-7.399315657384432,0.026185962528583316,converged,-6.74350928845685,0.18308624338246965,Uralic,converged,0.6558063689275819,3.54586931141552
wind_group,-5.921646013282238,0.013282826759515063,converged,-5.714421304501707,0.057450299176422887,Pama-Nyungan,converged,0.20722470878053123,3.5143178921434983
snow_group,-7.399315657384432,0.026185962528583316,converged,-5.8559057812923045,0.44404671879963153,isolate_klam1254,converged,1.5434098760921273,3.469754663971243
snow_group,-7.399315657384432,0.026185962528583316,converged,-5.864000964911896,0.44244156667781004,isolate_yama1264,converged,1.5353146924725358,3.4640342145853786
wind_group,-5.921646013282238,0.013282826759515063,converged,-4.972715267512466,0.2787643039717617,Misumalpan,converged,0.948930745769772,3.400203420055698
rain_group,-6.4730328985387,0.017478542464112987,converged,-6.120365467683994,0.1026295921501201,Nuclear Trans New Guinea,converged,0.352667430854706,3.387537537039044
rain_group,-6.4730328985387,0.017478542464112987,converged,-5.6093429778462855,0.2619029758162248,Khoe-Kwadi,converged,0.8636899206924147,3.2904283461856636
snow_group,-7.399315657384432,0.026185962528583316,converged,-6.498989409294647,0.27621144666650915,Iroquoian,converged,0.9003262480897849,3.245004326577726
dance_group,-7.065078338799527,0.02816842071509926,converged,-6.850542240962524,0.06004795086313946,Atlantic-Congo,converged,0.21453609783700323,3.2345414263045225
snow_group,-7.399315657384432,0.026185962528583316,converged,-6.936388744441682,0.14501922395834635,Turkic,converged,0.46292691294275023,3.1413745000424362
taste_group,-6.668174920373166,0.011424352868029524,converged,-5.740687400515452,0.2975875855428632,isolate_zuni1245,converged,0.9274875198577135,3.1143934144121737
rain_group,-6.4730328985387,0.017478542464112987,converged,-6.226685289369426,0.07720774118103627,Pama-Nyungan,converged,0.24634760916927423,3.1119644403609628
smell_group,-6.425135577446885,0.012791009615760345,converged,-6.190181617664749,0.07622024375727303,Dravidian,converged,0.2349539597821364,3.0400560155146827
rain_group,-6.4730328985387,0.017478542464112987,converged,-5.3521852030947255,0.36910170879215626,Tuu,converged,1.1208476954439748,3.0332915530271096
dance_group,-7.065078338799527,0.02816842071509926,converged,-5.451147725132215,0.5471588414541616,isolate_tuni1252,converged,1.6139306136673115,2.9457554514105424
snow_group,-7.399315657384432,0.026185962528583316,converged,-6.438592762934531,0.32786507674654153,Sahaptian,converged,0.9607228944499004,2.9209371781684252
ice_group,-7.740709199312054,0.027783456402679194,converged,-6.868722938791272,0.299578568011295,Iroquoian,converged,0.8719862605207815,2.8982723610517143
ice_group,-7.740709199312054,0.027783456402679194,converged,-7.2933766650079805,0.15201117242864115,Turkic,converged,0.44733253430407327,2.894806472543831
ice_group,-7.740709199312054,0.027783456402679194,converged,-6.383697629864186,0.4897800221939591,isolate_atak1252,converged,1.3570115694478675,2.7662081143441486
smell_group,-6.425135577446885,0.012791009615760345,converged,-5.577124327809895,0.31049450022048586,Tuu,converged,0.8480112496369898,2.7288489585519105
smell_group,-6.425135577446885,0.012791009615760345,converged,-5.543602805748954,0.3236896850407321,isolate_zuni1245,converged,0.8815327716979313,2.7212646709559905
ice_group,-7.740709199312054,0.027783456402679194,converged,-7.107223318132645,0.23257442034497375,Salishan,converged,0.6334858811794088,2.7045687712981246
rain_group,-6.4730328985387,0.017478542464112987,converged,-5.659571750393391,0.30221489716914673,Koiarian,converged,0.8134611481453096,2.687174259164584
ice_group,-7.740709199312054,0.027783456402679194,converged,-6.821076755108161,0.3496022344227878,Sahaptian,converged,0.9196324442038932,2.6222431063829594
wind_group,-5.921646013282238,0.013282826759515063,converged,-5.400909520943257,0.20140270732575186,Eleman,converged,0.5207364923389814,2.579943833867327
snow_group,-7.399315657384432,0.026185962528583316,converged,-6.834302209052441,0.22038317475729544,Muskogean,converged,0.5650134483319906,2.5458690139980154
rain_group,-6.4730328985387,0.017478542464112987,converged,-5.534653445532079,0.37773760530176637,Mirndi,converged,0.938379453006621,2.4815546138515407
wind_group,-5.921646013282238,0.013282826759515063,converged,-5.6801474888186725,0.09677873146020562,Athabaskan-Eyak-Tlingit,converged,0.2414985244635659,2.4721915348337897
ice_group,-7.740709199312054,0.027783456402679194,converged,-6.788554261785704,0.39060258549436916,Mongolic-Khitan,converged,0.95215493752635,2.4315132303582714
taste_group,-6.668174920373166,0.011424352868029524,converged,-5.970699785401554,0.28693313772491746,Nyulnyulan,converged,0.6974751349716115,2.428868814378625
dance_group,-7.065078338799527,0.02816842071509926,converged,-5.749784416318142,0.5471431523337617,isolate_tiwi1244,converged,1.315293922481385,2.4007506993448104
dance_group,-7.065078338799527,0.02816842071509926,converged,-5.746335553166415,0.5491193369129079,isolate_yana1271,converged,1.3187427856331118,2.398406002959536
snow_group,-7.399315657384432,0.026185962528583316,converged,-6.267919436837969,0.47125741604040133,isolate_tuni1252,converged,1.1313962205464625,2.397105209005604
taste_group,-6.668174920373166,0.011424352868029524,converged,-5.983309911647225,0.2893482198111112,isolate_yana1271,converged,0.6848650087259411,2.365080422384007
smell_group,-6.425135577446885,0.012791009615760345,converged,-6.344402228574515,0.03231364829649329,Atlantic-Congo,converged,0.0807333488723696,2.3230509147313265
snow_group,-7.399315657384432,0.026185962528583316,converged,-6.85132400821924,0.2392554086932713,Wakashan,converged,0.5479916491651915,2.2768083068683755
snow_group,-7.399315657384432,0.026185962528583316,converged,-6.366964304010526,0.4539659019334936,Maiduan,converged,1.0323513533739055,2.270298621542662
snow_group,-7.399315657384432,0.026185962528583316,converged,-6.661668708932849,0.3321517853359035,Pidgin,converged,0.7376469484515829,2.2139433042747463
ice_group,-7.740709199312054,0.027783456402679194,converged,-6.613437752039174,0.5111601462668525,Quechuan,converged,1.1272714472728795,2.2020691005223343
snow_group,-7.399315657384432,0.026185962528583316,converged,-7.296126415790586,0.038901287921032465,Indo-European,converged,0.10318924159384579,2.2004947710176244
dance_group,-7.065078338799527,0.02816842071509926,converged,-5.854358464319925,0.5500034183097987,isolate_atak1252,converged,1.2107198744796017,2.198413876787225
dance_group,-7.065078338799527,0.02816842071509926,converged,-6.605462815353668,0.20723932402233788,Mande,converged,0.45961552344585854,2.197593537415843
dance_group,-7.065078338799527,0.02816842071509926,converged,-5.874552284528414,0.5434403582595152,Maiduan,converged,1.1905260542711131,2.187783720768977
snow_group,-7.399315657384432,0.026185962528583316,converged,-6.331264777129719,0.49314402117381995,Caddoan,converged,1.068050880254713,2.162752190060198
smell_group,-6.425135577446885,0.012791009615760345,converged,-5.732305278950044,0.32291678389315065,Eastern Jebel,converged,0.6928302984968413,2.14385699222411
taste_group,-6.668174920373166,0.011424352868029524,converged,-6.380280100769262,0.1343659930952436,Salishan,converged,0.2878948196039035,2.1349138305610826
ice_group,-7.740709199312054,0.027783456402679194,converged,-7.360233457234078,0.1781763344641844,Uto-Aztecan,converged,0.38047574207797563,2.1098919119135737
smell_group,-6.425135577446885,0.012791009615760345,converged,-5.73465151589164,0.32994966103111933,Tupian,converged,0.690484061555245,2.0911244403529388
taste_group,-6.668174920373166,0.011424352868029524,converged,-6.334591566388412,0.16058863486436237,Gunwinyguan,converged,0.3335833539847535,2.0720172228980602
dance_group,-7.065078338799527,0.02816842071509926,converged,-5.949268666372954,0.5496920204856784,Baining,converged,1.1158096724265727,2.0272215727950926
dance_group,-7.065078338799527,0.02816842071509926,converged,-6.5461927924842795,0.25617751460156796,Salishan,converged,0.5188855463152473,2.0133575103459083
wind_group,-5.921646013282238,0.013282826759515063,converged,-5.574845190940415,0.17185765099393768,Chibchan,converged,0.3468008223418231,2.01195347718579
wind_group,-5.921646013282238,0.013282826759515063,converged,-5.610769114054711,0.15463707455636666,Gunwinyguan,converged,0.3108768992275275,2.002988888303475
dance_group,-7.065078338799527,0.02816842071509926,converged,-5.966762186355948,0.5517178976236293,Tuu,converged,1.0983161524435792,1.9881309995586465
dance_group,-7.065078338799527,0.02816842071509926,converged,-6.393665655223963,0.3369923265086402,Iroquoian,converged,0.6714126835755643,1.9854438866016457
dance_group,-7.065078338799527,0.02816842071509926,converged,-6.286416621576736,0.3921493439406348,Khoe-Kwadi,converged,0.778661717222791,1.9805226004752259
snow_group,-7.399315657384432,0.026185962528583316,converged,-6.652255186896295,0.3780859393448768,Mongolic-Khitan,converged,0.7470604704881367,1.9711791562084902
rain_group,-6.4730328985387,0.017478542464112987,converged,-6.269416742018904,0.10234432172164463,Nilotic,converged,0.20361615651979648,1.9611268352439895
dance_group,-7.065078338799527,0.02816842071509926,converged,-6.770267064836495,0.14967148419706244,Algic,converged,0.294811273963032,1.935738894461799
taste_group,-6.668174920373166,0.011424352868029524,converged,-6.540779236843277,0.0656305942224849,Dravidian,converged,0.12739568352988861,1.9123457306013272
wind_group,-5.921646013282238,0.013282826759515063,converged,-5.386073403944144,0.28424448272868486,Tuu,converged,0.5355726093380948,1.8821431111494364
snow_group,-7.399315657384432,0.026185962528583316,converged,-6.5188605347352455,0.4725486460144742,isolate_atak1252,converged,0.8804551226491864,1.8603511151492549
taste_group,-6.668174920373166,0.011424352868029524,converged,-6.609939717380954,0.029478381826259444,Atlantic-Congo,converged,0.0582352029922113,1.842027823670665
dance_group,-7.065078338799527,0.02816842071509926,converged,-6.055100811116234,0.5564472715176658,Ijoid,converged,1.0099775276832927,1.8127251016013934
dance_group,-7.065078338799527,0.02816842071509926,converged,-6.625438569566712,0.24252039234469958,Eskimo-Aleut,converged,0.4396397692328149,1.8006896367856013
wind_group,-5.921646013282238,0.013282826759515063,converged,-5.567014906185533,0.20056685489261863,Sahaptian,converged,0.3546311070967052,1.7642793510591317
ice_group,-7.740709199312054,0.027783456402679194,converged,-7.320884866764804,0.23716844295988926,Muskogean,converged,0.4198243325472495,1.7581300145547707
smell_group,-6.425135577446885,0.012791009615760345,converged,-6.171032244132188,0.145883806789956,Muskogean,converged,0.25410333331469737,1.7351630842374839
rain_group,-6.4730328985387,0.017478542464112987,converged,-5.807481215520121,0.3859453832564129,Quechuan,converged,0.6655516830185793,1.7227054593056386
ice_group,-7.740709199312054,0.027783456402679194,converged,-7.215550508992507,0.3104092735693893,Koreanic,converged,0.5251586903195467,1.685090259055802
rain_group,-6.4730328985387,0.017478542464112987,converged,-5.8477044742808975,0.37515658809675545,Manubaran,converged,0.6253284242578028,1.665040331039698
ice_group,-7.740709199312054,0.027783456402679194,converged,-6.938988321101122,0.48209316565790516,isolate_yama1264,converged,0.801720878210932,1.6602450669862547
taste_group,-6.668174920373166,0.011424352868029524,converged,-6.1789898584387295,0.2987969244149254,Misumalpan,converged,0.4891850619344362,1.635987017408241
dance_group,-7.065078338799527,0.02816842071509926,converged,-6.81000985335277,0.15604169996214715,Nuclear Trans New Guinea,converged,0.2550684854467571,1.6086175975550336
wind_group,-5.921646013282238,0.013282826759515063,converged,-5.711020927162101,0.13048541013650555,Salishan,converged,0.21062508612013708,1.605866985030768
snow_group,-7.399315657384432,0.026185962528583316,converged,-6.606850470345808,0.5042751584999678,mixedlanguage_medi1245,converged,0.7924651870386237,1.5693791073272647
taste_group,-6.668174920373166,0.011424352868029524,converged,-6.54239551294383,0.07974000556669855,Nilotic,converged,0.12577940742933613,1.5614251912716344
wind_group,-5.921646013282238,0.013282826759515063,converged,-5.7543290533592995,0.10710423646427174,Siouan,converged,0.16731695992293893,1.5503113512204798
snow_group,-7.399315657384432,0.026185962528583316,converged,-7.147568556933606,0.1652206345028002,Uto-Aztecan,converged,0.25174710045082627,1.504918477260909
wind_group,-5.921646013282238,0.013282826759515063,converged,-5.484351907412455,0.3002803375571196,isolate_tonk1249,converged,0.4372941058697837,1.4548635006596526
rain_group,-6.4730328985387,0.017478542464112987,converged,-6.072869159728564,0.2797512592832205,Central Sudanic,converged,0.40016373881013667,1.4276431772416829
snow_group,-7.399315657384432,0.026185962528583316,converged,-6.999056188356304,0.2890998376149174,Japonic,converged,0.4002594690281276,1.3788578472442474
rain_group,-6.4730328985387,0.017478542464112987,converged,-6.244348173387459,0.16765299464201003,Mayan,converged,0.2286847251512416,1.3566830913783121
wind_group,-5.921646013282238,0.013282826759515063,converged,-5.650592090467511,0.20233216146639962,Khoe-Kwadi,converged,0.27105392281472707,1.3367707631729238
ice_group,-7.740709199312054,0.027783456402679194,converged,-7.364837718329746,0.28236300309467666,Japonic,converged,0.3758714809823074,1.324766431259892
snow_group,-7.399315657384432,0.026185962528583316,converged,-6.7576695679424486,0.4849844218274853,isolate_yana1271,converged,0.6416460894419833,1.3210998311949305
dance_group,-7.065078338799527,0.02816842071509926,converged,-6.329834574622494,0.5564341345094566,South Bougainville,converged,0.7352437641770324,1.319659276052339
taste_group,-6.668174920373166,0.011424352868029524,converged,-6.53282849575725,0.10254544753921459,Uto-Aztecan,converged,0.13534642461591595,1.311752287416388
rain_group,-6.4730328985387,0.017478542464112987,converged,-6.194765495778306,0.21177529836221018,Gunwinyguan,converged,0.2782674027603944,1.309522276740946
taste_group,-6.668174920373166,0.011424352868029524,converged,-6.383586488314664,0.21760636551448523,Central Sudanic,converged,0.28458843205850215,1.3060143740117656
wind_group,-5.921646013282238,0.013282826759515063,converged,-5.7593484151537915,0.12401029561137454,Mayan,converged,0.1622975981284469,1.3012995145234332
snow_group,-7.399315657384432,0.026185962528583316,converged,-6.737406809103812,0.5089694881998391,isolate_tonk1249,converged,0.6619088482806195,1.2987704828653026
taste_group,-6.668174920373166,0.011424352868029524,converged,-6.248238831725937,0.3240480205273831,isolate_fuyu1242,converged,0.419936088647229,1.2951023639355932
smell_group,-6.425135577446885,0.012791009615760345,converged,-6.2503684824984465,0.13437366689927674,Eskimo-Aleut,converged,0.17476709494843856,1.2947525193146237
rain_group,-6.4730328985387,0.017478542464112987,converged,-5.963907724709922,0.3931415809357153,isolate_cayu1262,converged,0.5091251738287781,1.2937394111503437
rain_group,-6.4730328985387,0.017478542464112987,converged,-6.080049249604029,0.30721473155762,Saharan,converged,0.3929836489346714,1.2771170403670173
dance_group,-7.065078338799527,0.02816842071509926,converged,-6.557021856177369,0.4080697234434106,Sahaptian,converged,0.5080564826221581,1.2420680488440157
ice_group,-7.740709199312054,0.027783456402679194,converged,-7.0402993300360395,0.5655024411715586,Caddoan,converged,0.7004098692760143,1.2370699337134101
taste_group,-6.668174920373166,0.011424352868029524,converged,-6.292334868971603,0.3098241055389252,Cariban,converged,0.3758400514015623,1.212251713607458
ice_group,-7.740709199312054,0.027783456402679194,converged,-7.2832055105760665,0.3792059763969016,Otomanguean,converged,0.45750368873598735,1.2032527748092856
dance_group,-7.065078338799527,0.02816842071509926,converged,-6.3692651113845775,0.5779439348266371,isolate_zuni1245,converged,0.6958132274149493,1.2025184549209096
wind_group,-5.921646013282238,0.013282826759515063,converged,-5.577946959623462,0.28685213548770744,isolate_tiwi1244,converged,0.34369905365877607,1.1968924868336623
wind_group,-5.921646013282238,0.013282826759515063,converged,-5.563344515988121,0.30429191591036636,Mailuan,converged,0.358301497294117,1.1763724265612092
dance_group,-7.065078338799527,0.02816842071509926,converged,-6.575567147915652,0.4183717553384433,Central Sudanic,converged,0.4895111908838752,1.1673958108687499
taste_group,-6.668174920373166,0.011424352868029524,converged,-6.344179638506763,0.2776622501702094,isolate_klam1254,converged,0.32399528186640314,1.1658818751410884
ice_group,-7.740709199312054,0.027783456402679194,converged,-7.433738582784192,0.2640274380917159,Wakashan,converged,0.3069706165278614,1.1562624933484535
dance_group,-7.065078338799527,0.02816842071509926,converged,-6.928032952706415,0.11532547713027082,Pama-Nyungan,converged,0.1370453860931118,1.1543995137022556
ice_group,-7.740709199312054,0.027783456402679194,converged,-7.1808917187466035,0.4942902519117738,isolate_klam1254,converged,0.5598174805654503,1.1307834150871376
taste_group,-6.668174920373166,0.011424352868029524,converged,-6.426365446499184,0.2168695304712642,Otomanguean,converged,0.24180947387398177,1.1134558965018928
snow_group,-7.399315657384432,0.026185962528583316,converged,-6.827436659799237,0.5205388911242517,Abkhaz-Adyge,converged,0.5718789975851948,1.0972412769075524
rain_group,-6.4730328985387,0.017478542464112987,converged,-6.16434790166205,0.2826119972068736,Mangarrayi-Maran,converged,0.3086849968766501,1.0901742709212867
dance_group,-7.065078338799527,0.02816842071509926,converged,-6.7831861459771705,0.25773133537404275,Mayan,converged,0.28189219282235634,1.0872698460662658
taste_group,-6.668174920373166,0.011424352868029524,converged,-6.344365442054285,0.29878209938275857,isolate_tiwi1244,converged,0.3238094783188803,1.082973276672152
taste_group,-6.668174920373166,0.011424352868029524,converged,-6.420343787905145,0.23025388549426612,Yam,converged,0.24783113246802113,1.0750161332583477
ice_group,-7.740709199312054,0.027783456402679194,converged,-7.171211404316709,0.5292125400362838,isolate_yana1271,converged,0.5694977949953453,1.0746430646979037
smell_group,-6.425135577446885,0.012791009615760345,converged,-6.073421265597061,0.327907337860601,Misumalpan,converged,0.3517143118498236,1.0717876295330335
wind_group,-5.921646013282238,0.013282826759515063,converged,-5.781263436705916,0.13143956214146268,Muskogean,converged,0.14038257657632247,1.0626267709265587
dance_group,-7.065078338799527,0.02816842071509926,converged,-6.71002263694906,0.33609299912910806,Cochimi-Yuman,converged,0.35505570185046675,1.052730097398209
smell_group,-6.425135577446885,0.012791009615760345,converged,-6.239657274813674,0.1773729623729088,Gunwinyguan,converged,0.18547830263321075,1.0429881450658725
dance_group,-7.065078338799527,0.02816842071509926,converged,-6.826329796068715,0.22746517233862237,Siouan,converged,0.23874854273081159,1.041648168093607
snow_group,-7.399315657384432,0.026185962528583316,converged,-7.073322215514764,0.31192350557280113,Koreanic,converged,0.3259934418696675,1.0414436160516547
dance_group,-7.065078338799527,0.02816842071509926,converged,-6.487978036792985,0.559811395031082,Manubaran,converged,0.5771003020065422,1.0295808906436879
rain_group,-6.4730328985387,0.017478542464112987,converged,-6.074245506419109,0.3874663681200515,Misumalpan,converged,0.39878739211959147,1.0281725008388318
rain_group,-6.4730328985387,0.017478542464112987,converged,-6.06452869604894,0.3981003270252115,Miwok-Costanoan,converged,0.4085042024897598,1.0251462234181696
wind_group,-5.921646013282238,0.013282826759515063,converged,-5.822352300844071,0.09831047854494307,Uto-Aztecan,converged,0.09929371243816743,1.0009068622021582
dance_group,-7.065078338799527,0.02816842071509926,converged,-6.9093411565475416,0.15508566072317911,Nilotic,converged,0.1557371822519853,0.9880356595921198
rain_group,-6.4730328985387,0.017478542464112987,converged,-6.098126672775556,0.3814793252100329,South Bougainville,converged,0.37490622576314436,0.9817395195487563
snow_group,-7.399315657384432,0.026185962528583316,converged,-6.8884683199911265,0.5205336049681148,isolate_zuni1245,converged,0.5108473373933053,0.9801522088431668
dance_group,-7.065078338799527,0.02816842071509926,converged,-6.4959427988396214,0.5827289869531272,isolate_wara1303,converged,0.5691355399599054,0.9755337100979813
taste_group,-6.668174920373166,0.011424352868029524,converged,-6.538017463762319,0.13371923668941188,Muskogean,converged,0.13015745661084654,0.9698306819846495
smell_group,-6.425135577446885,0.012791009615760345,converged,-6.204178782835237,0.23379559621947246,Eleman,converged,0.22095679461164774,0.9436741058852133
snow_group,-7.399315657384432,0.026185962528583316,converged,-6.91632004344914,0.5143305443715075,Miwok-Costanoan,converged,0.4829956139352918,0.9378615485437286
smell_group,-6.425135577446885,0.012791009615760345,converged,-6.20724693681356,0.2401479910886089,Arawakan,converged,0.21788864063332536,0.9060255973000506
rain_group,-6.4730328985387,0.017478542464112987,converged,-6.221140241713834,0.2809795091214679,Arawakan,converged,0.2518926568248663,0.8947510481888343
dance_group,-7.065078338799527,0.02816842071509926,converged,-6.574536563857928,0.5509692700480983,isolate_klam1254,converged,0.49054177494159923,0.8891638239354691
rain_group,-6.4730328985387,0.017478542464112987,converged,-6.131131500720145,0.3866728134271447,Nyulnyulan,converged,0.341901397818555,0.8833117405405614
smell_group,-6.425135577446885,0.012791009615760345,converged,-6.1974573550588685,0.25829485067437336,Koiarian,converged,0.2276782223880165,0.8803875246794772
rain_group,-6.4730328985387,0.017478542464112987,converged,-6.28350292784644,0.22054676548186578,Hmong-Mien,converged,0.18952997069226019,0.8566780272377188
rain_group,-6.4730328985387,0.017478542464112987,converged,-6.143345510754315,0.38451086581507865,isolate_tiwi1244,converged,0.3296873877843849,0.8565357383547801
snow_group,-7.399315657384432,0.026185962528583316,converged,-6.954263541918718,0.5277622818339257,West Bomberai,converged,0.4450521154657139,0.8422452985531548
wind_group,-5.921646013282238,0.013282826759515063,converged,-5.676656639858209,0.29274175237358974,isolate_yana1271,converged,0.24498937342402982,0.8360186736491528
wind_group,-5.921646013282238,0.013282826759515063,converged,-5.675391255967722,0.2975650951402164,isolate_tuni1252,converged,0.2462547573145164,0.8267427379739299
smell_group,-6.425135577446885,0.012791009615760345,converged,-6.3269386409571124,0.11970755316854798,Siouan,converged,0.09819693648977257,0.8156637817398046
smell_group,-6.425135577446885,0.012791009615760345,converged,-6.1715808372961964,0.3132457894905581,Zaparoan,converged,0.2535547401506886,0.8087694211858608
ice_group,-7.740709199312054,0.027783456402679194,converged,-7.441056866663698,0.3743442802957116,Khoe-Kwadi,converged,0.299652332648356,0.7982769635108559
ice_group,-7.740709199312054,0.027783456402679194,converged,-7.460738904594088,0.35278828285796726,Pidgin,converged,0.2799702947179661,0.7911433380733767
taste_group,-6.668174920373166,0.011424352868029524,converged,-6.4137774048592515,0.3240279743868855,Quechuan,converged,0.2543975155139142,0.7846222084471794
ice_group,-7.740709199312054,0.027783456402679194,converged,-7.48610939737497,0.32658259306373233,Cochimi-Yuman,converged,0.25459980193708365,0.7767818917142578
snow_group,-7.399315657384432,0.026185962528583316,converged,-6.999676310284714,0.5143244504522794,Quechuan,converged,0.3996393470997175,0.776012857028863
dance_group,-7.065078338799527,0.02816842071509926,converged,-6.741499747373116,0.41718745293833404,Yam,converged,0.32357859142641043,0.7738572101547276
snow_group,-7.399315657384432,0.026185962528583316,converged,-6.983396420219717,0.5465823362468248,isolate_savo1255,converged,0.4159192371647151,0.7600734873674841
snow_group,-7.399315657384432,0.026185962528583316,converged,-7.173459361155697,0.29835000544621215,Cochimi-Yuman,converged,0.22585629622873515,0.7541188216040122
taste_group,-6.668174920373166,0.011424352868029524,converged,-6.4221727939833855,0.3303652230711788,Miwok-Costanoan,converged,0.24600212638978025,0.744192036310801
wind_group,-5.921646013282238,0.013282826759515063,converged,-5.759852356804161,0.2184260164172599,Mongolic-Khitan,converged,0.16179365647807753,0.7393593772983271
smell_group,-6.425135577446885,0.012791009615760345,converged,-6.31580902231182,0.1490543978282146,Salishan,converged,0.10932655513506528,0.7307816492602119
taste_group,-6.668174920373166,0.011424352868029524,converged,-6.637456167871126,0.04067894552345013,Sino-Tibetan,converged,0.030718752502039592,0.7270242399093169
ice_group,-7.740709199312054,0.027783456402679194,converged,-7.373097357001793,0.5085400753370429,Maiduan,converged,0.3676118423102608,0.7218004097766347
dance_group,-7.065078338799527,0.02816842071509926,converged,-6.650472267276575,0.5802007089541208,Mirndi,converged,0.41460607152295204,0.7137500936258576
smell_group,-6.425135577446885,0.012791009615760345,converged,-6.344989113105216,0.11178642011564532,Uto-Aztecan,converged,0.08014646434166917,0.7123127396649659
snow_group,-7.399315657384432,0.026185962528583316,converged,-7.011174321246081,0.546579662631482,Dajuic,converged,0.388141336138351,0.7093140984253961
ice_group,-7.740709199312054,0.027783456402679194,converged,-7.659317987122659,0.11249128904230025,Pama-Nyungan,converged,0.08139121218939493,0.7024263417499839
snow_group,-7.399315657384432,0.026185962528583316,converged,-7.11564516053405,0.40650953688013486,Kartvelian,converged,0.28367049685038204,0.6963767177377641
smell_group,-6.425135577446885,0.012791009615760345,converged,-6.202602469795383,0.3236242952230412,Manubaran,converged,0.22253310765150225,0.6870914742686662
smell_group,-6.425135577446885,0.012791009615760345,converged,-6.193987021022567,0.33731233995570614,Cariban,converged,0.2311485564243183,0.6847734799718862
smell_group,-6.425135577446885,0.012791009615760345,converged,-6.20612820553852,0.3244050094017508,South Bougainville,converged,0.21900737190836495,0.6745806111258567
taste_group,-6.668174920373166,0.011424352868029524,converged,-6.624677351628458,0.063671451504639,Pama-Nyungan,converged,0.04349756874470767,0.6724183964089316
smell_group,-6.425135577446885,0.012791009615760345,converged,-6.198124724887038,0.33880599637814085,isolate_tuni1252,converged,0.22701085255984665,0.669554990146324
rain_group,-6.4730328985387,0.017478542464112987,converged,-6.201604184417176,0.40639184844055215,Surmic,converged,0.2714287141215239,0.6672821341940971
dance_group,-7.065078338799527,0.02816842071509926,converged,-6.666085850111653,0.6007959104374792,Caddoan,converged,0.39899248868787396,0.6633778075077335
wind_group,-5.921646013282238,0.013282826759515063,converged,-5.722802422697316,0.30518167705252136,Miwok-Costanoan,converged,0.1988435905849224,0.6509418203290123
taste_group,-6.668174920373166,0.011424352868029524,converged,-6.531079160474177,0.2103998685711199,Sahaptian,converged,0.1370957598989886,0.6506377908941823
smell_group,-6.425135577446885,0.012791009615760345,converged,-6.379883322868095,0.06950977486341926,Austroasiatic,converged,0.045252254578789675,0.6402697250879165
dance_group,-7.065078338799527,0.02816842071509926,converged,-6.706155581914685,0.5614449674564287,Sepik,converged,0.35892275688484165,0.6384808768572638
rain_group,-6.4730328985387,0.017478542464112987,converged,-6.388764941133122,0.1321797492439273,Uto-Aztecan,converged,0.08426795740557846,0.6320237629550558
wind_group,-5.921646013282238,0.013282826759515063,converged,-5.807923543101068,0.17987293812984714,Pidgin,converged,0.11372247018117054,0.6305209642958323
dance_group,-7.065078338799527,0.02816842071509926,converged,-6.812506195930641,0.4069665153783142,Eleman,converged,0.2525721428688854,0.6191401204072254
taste_group,-6.668174920373166,0.011424352868029524,converged,-6.525645913031898,0.2299724882050295,Arawakan,converged,0.14252900734126772,0.6190021517089729
snow_group,-7.399315657384432,0.026185962528583316,converged,-7.0847293758536845,0.5143187344635571,Nakh-Daghestanian,converged,0.3145862815307474,0.6108650386445524
rain_group,-6.4730328985387,0.017478542464112987,converged,-6.3062183714120845,0.2785536286257032,Eleman,converged,0.1668145271266157,0.5976841853142378
ice_group,-7.740709199312054,0.027783456402679194,converged,-7.387734345120032,0.5928999621326866,mixedlanguage_medi1245,converged,0.3529748541920217,0.5946837031700019
taste_group,-6.668174920373166,0.011424352868029524,converged,-6.594997962020485,0.12336571292377665,Eskimo-Aleut,converged,0.0731769583526809,0.5906437473826908
taste_group,-6.668174920373166,0.011424352868029524,converged,-6.464746395111212,0.3469297167123567,Abkhaz-Adyge,converged,0.20342852526195365,0.5860504548991625
snow_group,-7.399315657384432,0.026185962528583316,converged,-7.23035087441826,0.2909398143694775,Hmong-Mien,converged,0.1689647829661718,0.5784169967907783
taste_group,-6.668174920373166,0.011424352868029524,converged,-6.475555881387155,0.3378720529670976,Surmic,converged,0.19261903898601052,0.5697690037859579
dance_group,-7.065078338799527,0.02816842071509926,converged,-6.830011086022877,0.4119909783456291,Otomanguean,converged,0.2350672527766502,0.569235140436106
taste_group,-6.668174920373166,0.011424352868029524,converged,-6.493884207340228,0.30980510014904483,Tuu,converged,0.17429071303293764,0.5621996874770071
snow_group,-7.399315657384432,0.026185962528583316,converged,-7.092648297222474,0.5465722357431476,Timor-Alor-Pantar,converged,0.30666736016195806,0.560430984290594
dance_group,-7.065078338799527,0.02816842071509926,converged,-6.837370592909118,0.4161228623379075,Arawakan,converged,0.22770774589040865,0.5459633248095241
wind_group,-5.921646013282238,0.013282826759515063,converged,-5.762798857928391,0.2936844329426031,Nyulnyulan,converged,0.15884715535384775,0.5403246413430619
rain_group,-6.4730328985387,0.017478542464112987,converged,-6.274101581656911,0.38146954114157644,Sepik,converged,0.19893131688178922,0.5209402262120576
taste_group,-6.668174920373166,0.011424352868029524,converged,-6.497499203101646,0.33394626437683617,isolate_cayu1262,converged,0.17067571727151964,0.5107885585173728
snow_group,-7.399315657384432,0.026185962528583316,converged,-7.203781207405646,0.3826847524565951,Kru,converged,0.1955344499787861,0.5097623546833654
taste_group,-6.668174920373166,0.011424352868029524,converged,-6.4931688043034415,0.34692596102018225,Ta-Ne-Omotic,converged,0.17500611606972427,0.5041747360690686
smell_group,-6.425135577446885,0.012791009615760345,converged,-6.376633709314642,0.09556888933207494,Tai-Kadai,converged,0.04850186813224333,0.5030214730704112
rain_group,-6.4730328985387,0.017478542464112987,converged,-6.27216358410536,0.4027158109450343,Eastern Jebel,converged,0.20086931443334066,0.4983176386436523
ice_group,-7.740709199312054,0.027783456402679194,converged,-7.461203152112372,0.565471783830643,isolate_tuni1252,converged,0.279506047199682,0.4936926838453354
ice_group,-7.740709199312054,0.027783456402679194,converged,-7.447883565151196,0.5928954208403997,isolate_tonk1249,converged,0.2928256341608577,0.4933494874577081
taste_group,-6.668174920373166,0.011424352868029524,converged,-6.526023328264036,0.28930734856692836,Zaparoan,converged,0.14215159210912987,0.4909688262242165
wind_group,-5.921646013282238,0.013282826759515063,converged,-5.773268430446171,0.3061283129583651,isolate_cayu1262,converged,0.1483775828360674,0.4842352063407471
ice_group,-7.740709199312054,0.027783456402679194,converged,-7.484995746223674,0.5473049899657765,Tuu,converged,0.2557134530883802,0.4666220972896152
ice_group,-7.740709199312054,0.027783456402679194,converged,-7.540455242745825,0.43529120950531125,Kartvelian,converged,0.2002539565662289,0.45911170450927097
ice_group,-7.740709199312054,0.027783456402679194,converged,-7.469113261598593,0.5928938820897343,isolate_fuyu1242,converged,0.27159593771346113,0.4575831075726141
snow_group,-7.399315657384432,0.026185962528583316,converged,-7.14989933560195,0.5465673672541179,Ta-Ne-Omotic,converged,0.24941632178248163,0.4558094375294521
rain_group,-6.4730328985387,0.017478542464112987,converged,-6.42838632283984,0.09743944212538136,Dravidian,converged,0.044646575698860325,0.4509998014941669
dance_group,-7.065078338799527,0.02816842071509926,converged,-6.798835012046112,0.592177948868828,isolate_cayu1262,converged,0.2662433267534148,0.44909241813751083
taste_group,-6.668174920373166,0.011424352868029524,converged,-6.584634527005803,0.18794395221779314,Iroquoian,converged,0.08354039336736285,0.44367738741044926
snow_group,-7.399315657384432,0.026185962528583316,converged,-7.156740927637601,0.546566803882103,Mailuan,converged,0.24257472974683125,0.44330685354127436
rain_group,-6.4730328985387,0.017478542464112987,converged,-6.410461040085581,0.14098096702587454,Mande,converged,0.06257185845311941,0.4404598100755447
dance_group,-7.065078338799527,0.02816842071509926,converged,-6.816022504329849,0.6007842107361393,isolate_tonk1249,converged,0.2490558344696776,0.4140963263973922
ice_group,-7.740709199312054,0.027783456402679194,converged,-7.6024441056211245,0.33709186973207,Chibchan,converged,0.13826509369092932,0.40878422888284577
smell_group,-6.425135577446885,0.012791009615760345,converged,-6.332337102170397,0.2288092346252143,Sahaptian,converged,0.09279847527648766,0.40493913019511985
taste_group,-6.668174920373166,0.011424352868029524,converged,-6.532084838034073,0.3469209887518096,isolate_tonk1249,converged,0.13609008233909314,0.3920672329837511
snow_group,-7.399315657384432,0.026185962528583316,converged,-7.279399073129081,0.30752969479899883,Chibchan,converged,0.11991658425535068,0.3885290214839727
taste_group,-6.668174920373166,0.011424352868029524,converged,-6.533065151574983,0.35218749154608087,mixedlanguage_medi1245,converged,0.13510976879818237,0.38342855452316066
taste_group,-6.668174920373166,0.011424352868029524,converged,-6.541439776074337,0.330351877377131,Mirndi,converged,0.12673514429882893,0.38340762386648825
smell_group,-6.425135577446885,0.012791009615760345,converged,-6.3298005623649995,0.2527815094038634,Kru,converged,0.09533501508188547,0.3766620357112115
taste_group,-6.668174920373166,0.011424352868029524,converged,-6.620394799093443,0.12725710259030784,Japonic,converged,0.04778012127972264,0.3739574323705046
ice_group,-7.740709199312054,0.027783456402679194,converged,-7.710905716656524,0.07515594032448934,Sino-Tibetan,converged,0.02980348265553001,0.3719530667892039
rain_group,-6.4730328985387,0.017478542464112987,converged,-6.365918601144635,0.28928089658731304,Yam,converged,0.10711429739406508,0.36960377830482954
smell_group,-6.425135577446885,0.012791009615760345,converged,-6.330939674509195,0.2595757911173868,Saharan,converged,0.09419590293768998,0.3624442324627496
snow_group,-7.399315657384432,0.026185962528583316,converged,-7.201650636667871,0.5465631999313921,isolate_wara1303,converged,0.19766502071656067,0.36123645258044285
ice_group,-7.740709199312054,0.027783456402679194,converged,-7.6275079307067,0.31226458206662744,Hmong-Mien,converged,0.11320126860535407,0.3610907076492915
snow_group,-7.399315657384432,0.026185962528583316,converged,-7.20259370387121,0.5465631259725382,Tupian,converged,0.1967219535132223,0.35951302849726113
snow_group,-7.399315657384432,0.026185962528583316,converged,-7.210021338840595,0.5465625459006958,isolate_fuyu1242,converged,0.18929431854383694,0.3459392537657599
taste_group,-6.668174920373166,0.011424352868029524,converged,-6.587155702857189,0.23922685348232006,Saharan,converged,0.0810192175159763,0.33828556061871656
smell_group,-6.425135577446885,0.012791009615760345,converged,-6.396028834723431,0.08686634797582929,Nilotic,converged,0.029106742723453927,0.3315004303582279
rain_group,-6.4730328985387,0.017478542464112987,converged,-6.335531918675227,0.41566447636020826,isolate_wara1303,converged,0.1375009798634732,0.33050593911303844
ice_group,-7.740709199312054,0.027783456402679194,converged,-7.538810871105,0.6126504225500632,Abkhaz-Adyge,converged,0.20189832820705345,0.32921063910359544
snow_group,-7.399315657384432,0.026185962528583316,converged,-7.374735691101741,0.07081086579965654,Sino-Tibetan,converged,0.024579966282690435,0.32557293823074435
wind_group,-5.921646013282238,0.013282826759515063,converged,-5.826550926255586,0.31716068268952224,Abkhaz-Adyge,converged,0.09509508702665226,0.2995699175907146
wind_group,-5.921646013282238,0.013282826759515063,converged,-5.834468259236564,0.2957755134339395,isolate_atak1252,converged,0.0871777540456744,0.29444620684878664
wind_group,-5.921646013282238,0.013282826759515063,converged,-5.829721407360203,0.3187501931859806,Timor-Alor-Pantar,converged,0.09192460592203577,0.2881406730690663
snow_group,-7.399315657384432,0.026185962528583316,converged,-7.244465506874481,0.5465599115293732,Surmic,converged,0.15485015050995088,0.28299319034192155
ice_group,-7.740709199312054,0.027783456402679194,converged,-7.577186554128059,0.5928865357094669,isolate_cayu1262,converged,0.16352264518399462,0.2755053182664306
ice_group,-7.740709199312054,0.027783456402679194,converged,-7.58251494115138,0.5776220073094063,Nakh-Daghestanian,converged,0.15819425816067412,0.27355532738155314
smell_group,-6.425135577446885,0.012791009615760345,converged,-6.325502813307796,0.36768519769449487,Timor-Alor-Pantar,converged,0.09963276413908861,0.27080919116109786
wind_group,-5.921646013282238,0.013282826759515063,converged,-5.842255434990165,0.3051671850024991,Mirndi,converged,0.07939057829207297,0.2599082873087862
dance_group,-7.065078338799527,0.02816842071509926,converged,-6.97688468749152,0.34971403610022533,Chibchan,converged,0.08819365130800705,0.2513737926348186
rain_group,-6.4730328985387,0.017478542464112987,converged,-6.376825505719863,0.39102123225348834,Baining,converged,0.09620739281883761,0.2457959167982577
dance_group,-7.065078338799527,0.02816842071509926,converged,-7.01450673919813,0.20491050828034618,Athabaskan-Eyak-Tlingit,converged,0.05057159960139668,0.2444991109970155
taste_group,-6.668174920373166,0.011424352868029524,converged,-6.590082091996071,0.3303468750306958,isolate_tuni1252,converged,0.07809282837709475,0.23625521386992665
ice_group,-7.740709199312054,0.027783456402679194,converged,-7.599809232017119,0.6126459360275522,isolate_zuni1245,converged,0.14089996729493492,0.2297498334403218
rain_group,-6.4730328985387,0.017478542464112987,converged,-6.382611495352286,0.3954434840685763,isolate_atak1252,converged,0.09042140318641412,0.22843519035539017
smell_group,-6.425135577446885,0.012791009615760345,converged,-6.352390919894258,0.3420652982100349,Ijoid,converged,0.07274465755262671,0.2125145485464664
ice_group,-7.740709199312054,0.027783456402679194,converged,-7.61894219269483,0.6126445842159254,isolate_wara1303,converged,0.1217670066172234,0.19855228946243011
ice_group,-7.740709199312054,0.027783456402679194,converged,-7.615696951767934,0.6392845180335631,Dajuic,converged,0.12501224754412021,0.19536583465731064
taste_group,-6.668174920373166,0.011424352868029524,converged,-6.6263115725996435,0.21667604000834403,Mongolic-Khitan,converged,0.041863347773522186,0.19293909567669895
ice_group,-7.740709199312054,0.027783456402679194,converged,-7.635975840093024,0.5472982445584563,Manubaran,converged,0.10473335921903004,0.19111822208192433
dance_group,-7.065078338799527,0.02816842071509926,converged,-6.95541464936012,0.6123156841154419,Mailuan,converged,0.10966368943940719,0.1789074431805642
rain_group,-6.4730328985387,0.017478542464112987,converged,-6.405401080880073,0.40447261016694674,Cariban,converged,0.06763181765862747,0.1670539788969063
snow_group,-7.399315657384432,0.026185962528583316,converged,-7.318496287731093,0.5042285502706321,Manubaran,converged,0.08081936965333902,0.16006750178448428
rain_group,-6.4730328985387,0.017478542464112987,converged,-6.4283394100233515,0.2843524559445266,Otomanguean,converged,0.04469348851534871,0.15688028495203457
ice_group,-7.740709199312054,0.027783456402679194,converged,-7.651880027757913,0.5928819028731116,Eastern Jebel,converged,0.08882917155414116,0.14966184021467538
wind_group,-5.921646013282238,0.013282826759515063,converged,-5.8894217405761085,0.21505533978129593,Mangarrayi-Maran,converged,0.03222427270612993,0.14955677094265607
snow_group,-7.399315657384432,0.026185962528583316,converged,-7.318112179446898,0.5465545741967887,isolate_cayu1262,converged,0.08120347793753346,0.14840318274370215
taste_group,-6.668174920373166,0.011424352868029524,converged,-6.638075225393843,0.24530054668520873,Koiarian,converged,0.030099694979322855,0.12257251268222026
taste_group,-6.668174920373166,0.011424352868029524,converged,-6.626319945900833,0.3580504529245029,Mailuan,converged,0.041854974472332884,0.11683740344087581
smell_group,-6.425135577446885,0.012791009615760345,converged,-6.382807085121491,0.36767794705995416,Ta-Ne-Omotic,converged,0.04232849232539415,0.11505422584207525
taste_group,-6.668174920373166,0.011424352868029524,converged,-6.62900917086824,0.3580501163114057,West Bomberai,converged,0.03916574950492535,0.10933058331385548
snow_group,-7.399315657384432,0.026185962528583316,converged,-7.359013712435978,0.3865272005882905,Yam,converged,0.04030194494845407,0.10402832368194016
taste_group,-6.668174920373166,0.011424352868029524,converged,-6.6318087055933885,0.3646477297773138,Timor-Alor-Pantar,converged,0.036366214779777195,0.09968080740980458
taste_group,-6.668174920373166,0.011424352868029524,converged,-6.653375288647865,0.1506724906692584,Koreanic,converged,0.014799631725300522,0.0979427125921563
smell_group,-6.425135577446885,0.012791009615760345,converged,-6.389654837002776,0.3676771080755304,Mailuan,converged,0.035480740444109315,0.09644138507114243
smell_group,-6.425135577446885,0.012791009615760345,converged,-6.390032256111684,0.38088299415045657,isolate_savo1255,converged,0.03510332133520144,0.09211107897648141
rain_group,-6.4730328985387,0.017478542464112987,converged,-6.44088132162299,0.42894207177744287,Timor-Alor-Pantar,converged,0.03215157691571058,0.07489337129377273
smell_group,-6.425135577446885,0.012791009615760345,converged,-6.416277700554939,0.1189133067638591,Mande,converged,0.008857876891945615,0.07406297028843722
dance_group,-7.065078338799527,0.02816842071509926,converged,-7.026993725260809,0.5854986856236819,Nyulnyulan,converged,0.03808461353871806,0.064971307020879
dance_group,-7.065078338799527,0.02816842071509926,converged,-7.025278650004716,0.6196966646919011,mixedlanguage_medi1245,converged,0.039799688794810884,0.064158221505791
rain_group,-6.4730328985387,0.017478542464112987,converged,-6.446998458174853,0.4251086785171853,Mailuan,converged,0.026034440363846834,0.06119014775700427
wind_group,-5.921646013282238,0.013282826759515063,converged,-5.905150712870019,0.28173823278460175,isolate_klam1254,converged,0.01649530041221947,0.058483360029427535
ice_group,-7.740709199312054,0.027783456402679194,converged,-7.709316514641673,0.612638537143012,Miwok-Costanoan,converged,0.031392684670381144,0.05118916022097825
smell_group,-6.425135577446885,0.012791009615760345,converged,-6.409075297550554,0.3716364454354391,Abkhaz-Adyge,converged,0.01606027989633141,0.043189455726735194
taste_group,-6.668174920373166,0.011424352868029524,converged,-6.652815151211677,0.37211254729138227,Caddoan,converged,0.015359769161488401,0.04125777413713623
smell_group,-6.425135577446885,0.012791009615760345,converged,-6.415286582762236,0.35498663725546997,Quechuan,converged,0.00984899468464917,0.02772669796560257
wind_group,-5.921646013282238,0.013282826759515063,converged,-5.915256252302026,0.3171482206521995,isolate_fuyu1242,converged,0.0063897609802126,0.02012990696263749
wind_group,-5.921646013282238,0.013282826759515063,converged,-5.919641216373225,0.16424283739738146,Hmong-Mien,converged,0.002004796909013784,0.012166574700490812
snow_group,-7.399315657384432,0.026185962528583316,converged,-7.392816719078777,0.5465495471474048,Eastern Jebel,converged,0.0064989383056550665,0.011877225017029617
wind_group,-5.921646013282238,0.013282826759515063,converged,-5.920818964287977,0.28492917728061185,Maiduan,converged,8.270489942612258e-4,0.0028994986662784004
rain_group,-6.4730328985387,0.017478542464112987,converged,-6.474145220201891,0.30070770872317437,Mongolic-Khitan,converged,-0.0011123216631911959,-0.003692780067284416
wind_group,-5.921646013282238,0.013282826759515063,converged,-5.924866274337373,0.30924836843675413,Eastern Jebel,converged,-0.003220261055134621,-0.010403594660410293
taste_group,-6.668174920373166,0.011424352868029524,converged,-6.672196584338108,0.3580448326284991,Tupian,converged,-0.004021663964942412,-0.011226578188218274
smell_group,-6.425135577446885,0.012791009615760345,converged,-6.428993597871718,0.3260573517464703,Sepik,converged,-0.003858020424832631,-0.011823242737629141
wind_group,-5.921646013282238,0.013282826759515063,converged,-5.925845624765105,0.32834929571692567,Dajuic,converged,-0.00419961148286685,-0.012779620587076622
wind_group,-5.921646013282238,0.013282826759515063,converged,-5.92461595998196,0.22299474213500936,Kru,converged,-0.002969946699721504,-0.013294895951704811
taste_group,-6.668174920373166,0.011424352868029524,converged,-6.672018984401067,0.1869048829896784,Pidgin,converged,-0.0038440640279011618,-0.02052864037207533
ice_group,-7.740709199312054,0.027783456402679194,converged,-7.7543674938286555,0.639274013839929,Ta-Ne-Omotic,converged,-0.013658294516601721,-0.021345171557678212
snow_group,-7.399315657384432,0.026185962528583316,converged,-7.411208921506024,0.5465483660299957,Mirndi,converged,-0.011893264121591862,-0.021735746991861486
wind_group,-5.921646013282238,0.013282826759515063,converged,-5.929143048912921,0.29367044282222005,Manubaran,converged,-0.007497035630682269,-0.02550266425792172
taste_group,-6.668174920373166,0.011424352868029524,converged,-6.678033033948311,0.3806359921795612,isolate_savo1255,converged,-0.009858113575145211,-0.02588740036721735
smell_group,-6.425135577446885,0.012791009615760345,converged,-6.43088105576356,0.20091178235319143,Iroquoian,converged,-0.005745478316675268,-0.0285392410467332
wind_group,-5.921646013282238,0.013282826759515063,converged,-5.923940503377453,0.07872985839637296,Nuclear Trans New Guinea,converged,-0.0022944900952142078,-0.02873770515882631
ice_group,-7.740709199312054,0.027783456402679194,converged,-7.758880461956999,0.5654567008178748,isolate_tiwi1244,converged,-0.018171262644945507,-0.0320968302150179
ice_group,-7.740709199312054,0.027783456402679194,converged,-7.763893409830761,0.6392733443182195,West Bomberai,converged,-0.023184210518707005,-0.036232303210268615
wind_group,-5.921646013282238,0.013282826759515063,converged,-5.9302618386935055,0.21674804769524114,Arawakan,converged,-0.008615825411267153,-0.0396759853515721
rain_group,-6.4730328985387,0.017478542464112987,converged,-6.492887538124077,0.42510394230519993,Tupian,converged,-0.019854639585377143,-0.04666594809532112
ice_group,-7.740709199312054,0.027783456402679194,converged,-7.768928681350857,0.442231738962275,Kru,converged,-0.028219482038803534,-0.06368596374878546
smell_group,-6.425135577446885,0.012791009615760345,converged,-6.43539233362031,0.13954567145012842,Mayan,converged,-0.010256756173425252,-0.07319422835040959
wind_group,-5.921646013282238,0.013282826759515063,converged,-5.935907512193748,0.17591023105494097,Cochimi-Yuman,converged,-0.01426149891150974,-0.08084245576204505
wind_group,-5.921646013282238,0.013282826759515063,converged,-5.949766844074325,0.31714366313096254,Surmic,converged,-0.028120830792087048,-0.08859139329071787
smell_group,-6.425135577446885,0.012791009615760345,converged,-6.457376520289355,0.35241741580738095,Nakh-Daghestanian,converged,-0.0322409428424697,-0.09142490228339065
wind_group,-5.921646013282238,0.013282826759515063,converged,-5.953627853814437,0.3283449587031618,Caddoan,converged,-0.03198184053219855,-0.09732356889054325
taste_group,-6.668174920373166,0.011424352868029524,converged,-6.70581941594732,0.38063215050972143,Dajuic,converged,-0.03764449557415439,-0.09885541974652721
wind_group,-5.921646013282238,0.013282826759515063,converged,-5.954471132738439,0.3222126931104039,Ta-Ne-Omotic,converged,-0.03282511945620037,-0.10178762086369136
ice_group,-7.740709199312054,0.027783456402679194,converged,-7.807043071612729,0.6392703901787544,Tupian,converged,-0.06633387230067544,-0.10366710817877473
smell_group,-6.425135577446885,0.012791009615760345,converged,-6.459953742719188,0.32360838775306583,isolate_sume1241,converged,-0.03481816527230297,-0.10750956975083142
smell_group,-6.425135577446885,0.012791009615760345,converged,-6.4630429353017,0.34385430939411754,isolate_yana1271,converged,-0.037907357854814805,-0.11016630203244973
ice_group,-7.740709199312054,0.027783456402679194,converged,-7.81696702598841,0.677264795970927,isolate_savo1255,converged,-0.07625782667635583,-0.11250214283392453
taste_group,-6.668174920373166,0.011424352868029524,converged,-6.696979386957424,0.25113117289545767,Kru,converged,-0.028804466584258392,-0.11458038940260044
ice_group,-7.740709199312054,0.027783456402679194,converged,-7.804024185053479,0.5403233702337531,isolate_sume1241,converged,-0.06331498574142547,-0.11702519591281986
wind_group,-5.921646013282238,0.013282826759515063,converged,-5.964017696784754,0.3222113590204561,West Bomberai,converged,-0.04237168350251519,-0.13139116488014832
dance_group,-7.065078338799527,0.02816842071509926,converged,-7.1350203839120665,0.4977389315029061,Koiarian,converged,-0.06994204511253965,-0.14029505409008458
snow_group,-7.399315657384432,0.026185962528583316,converged,-7.487710937632391,0.5465436797362586,Cariban,converged,-0.08839528024795928,-0.1615497531812811
dance_group,-7.065078338799527,0.02816842071509926,converged,-7.092180491878512,0.16171178672213718,Dravidian,converged,-0.027102153078985225,-0.16510926888842123
snow_group,-7.399315657384432,0.026185962528583316,converged,-7.462395887739291,0.36955830439493453,Otomanguean,converged,-0.06308023035485899,-0.1702639812452523
rain_group,-6.4730328985387,0.017478542464112987,converged,-6.545418900595717,0.4084109719325818,Ijoid,converged,-0.07238600205701662,-0.1770760560717572
snow_group,-7.399315657384432,0.026185962528583316,converged,-7.471898176006615,0.3864834960246309,Arawakan,converged,-0.07258251862218312,-0.18737278547719538
taste_group,-6.668174920373166,0.011424352868029524,converged,-6.704542442825945,0.19319681537292696,Cochimi-Yuman,converged,-0.03636752245277908,-0.18791254282649
smell_group,-6.425135577446885,0.012791009615760345,converged,-6.496178145273946,0.33878075795877083,isolate_tiwi1244,converged,-0.0710425678270612,-0.2095514106504593
rain_group,-6.4730328985387,0.017478542464112987,converged,-6.536817623930575,0.30029758380932886,Kru,converged,-0.06378472539187463,-0.21204618470987543
dance_group,-7.065078338799527,0.02816842071509926,converged,-7.093874017873535,0.13248383470510902,Austroasiatic,converged,-0.028795679074008262,-0.2126000780870653
smell_group,-6.425135577446885,0.012791009615760345,converged,-6.470014439625276,0.2056784888220493,Chibchan,converged,-0.044878862178390655,-0.2177783809158465
wind_group,-5.921646013282238,0.013282826759515063,converged,-5.9904274567270415,0.312876058919476,Quechuan,converged,-0.06878144344480308,-0.21963822870482444
rain_group,-6.4730328985387,0.017478542464112987,converged,-6.485922146318649,0.0547634767329544,Afro-Asiatic,converged,-0.012889247779948931,-0.22421889529694622
smell_group,-6.425135577446885,0.012791009615760345,converged,-6.497199640605784,0.3172924848310227,isolate_klam1254,converged,-0.07206406315889868,-0.22693754461840926
taste_group,-6.668174920373166,0.011424352868029524,converged,-6.7462052512246595,0.34214837871753545,Nakh-Daghestanian,converged,-0.0780303308514938,-0.22793289169192524
taste_group,-6.668174920373166,0.011424352868029524,converged,-6.742753097314381,0.31857723169494756,Baining,converged,-0.07457817694121527,-0.23394725911323702
dance_group,-7.065078338799527,0.02816842071509926,converged,-7.215119624510231,0.6285919555582887,isolate_fuyu1242,converged,-0.15004128571070385,-0.23845494878228124
smell_group,-6.425135577446885,0.012791009615760345,converged,-6.4816720003230985,0.23501853725403682,Khoe-Kwadi,converged,-0.05653642287621352,-0.24020604814811136
rain_group,-6.4730328985387,0.017478542464112987,converged,-6.495091449697914,0.08567726408379361,Austroasiatic,converged,-0.022058551159213735,-0.25226511366669796
wind_group,-5.921646013282238,0.013282826759515063,converged,-5.960386155675273,0.14621771743311207,Wakashan,converged,-0.038740142393034915,-0.26386183442969174
smell_group,-6.425135577446885,0.012791009615760345,converged,-6.516321374474013,0.34385005330698487,isolate_atak1252,converged,-0.09118579702712815,-0.2650072913252844
snow_group,-7.399315657384432,0.026185962528583316,converged,-7.546576957902388,0.5465403100601536,Ijoid,converged,-0.14726130051795572,-0.2691339744133258
ice_group,-7.740709199312054,0.027783456402679194,converged,-7.926162774291321,0.6772566526891738,Timor-Alor-Pantar,converged,-0.18545357497926762,-0.2736004412330053
smell_group,-6.425135577446885,0.012791009615760345,converged,-6.532139896911464,0.37162195638257495,Surmic,converged,-0.10700431946457911,-0.2877682281573558
taste_group,-6.668174920373166,0.011424352868029524,converged,-6.675147051937099,0.02111155173290157,Indo-European,converged,-0.0069721315639332815,-0.29045166878784534
rain_group,-6.4730328985387,0.017478542464112987,converged,-6.4898440128699715,0.054054126079592583,Sino-Tibetan,converged,-0.01681111433127125,-0.2959195130336682
wind_group,-5.921646013282238,0.013282826759515063,converged,-6.021936119401035,0.3359060602671664,isolate_savo1255,converged,-0.10029010611879663,-0.298332776485204
dance_group,-7.065078338799527,0.02816842071509926,converged,-7.166504599298749,0.32911641910150824,Gunwinyguan,converged,-0.10142626049922221,-0.30705487147739813
dance_group,-7.065078338799527,0.02816842071509926,converged,-7.259129528455096,0.6122964934120115,Nakh-Daghestanian,converged,-0.19405118965556944,-0.31658872849804004
snow_group,-7.399315657384432,0.026185962528583316,converged,-7.521147170024632,0.3823702477333415,Mangarrayi-Maran,converged,-0.12183151264019987,-0.3178772984032655
snow_group,-7.399315657384432,0.026185962528583316,converged,-7.4334622290272705,0.10397357054269896,Pama-Nyungan,converged,-0.03414657164283863,-0.3184709328434781
rain_group,-6.4730328985387,0.017478542464112987,converged,-6.596955874380213,0.38589427170840496,Zaparoan,converged,-0.1239229758415128,-0.32080304248495844
rain_group,-6.4730328985387,0.017478542464112987,converged,-6.595496898393458,0.37688796387215634,isolate_yama1264,converged,-0.12246399985475787,-0.32458589854401
dance_group,-7.065078338799527,0.02816842071509926,converged,-7.276387853221879,0.6395482762771443,Ta-Ne-Omotic,converged,-0.2113095144223518,-0.3300843122950573
wind_group,-5.921646013282238,0.013282826759515063,converged,-6.0199253580951035,0.29182118784313893,Sepik,converged,-0.09827934481286515,-0.3364310041786315
wind_group,-5.921646013282238,0.013282826759515063,converged,-6.024069981675136,0.29816677356530114,Baining,converged,-0.10242396839289736,-0.3431719951083335
smell_group,-6.425135577446885,0.012791009615760345,converged,-6.555485667332233,0.37599698018256467,isolate_fuyu1242,converged,-0.13035008988534802,-0.34647812601577876
taste_group,-6.668174920373166,0.011424352868029524,converged,-6.744951767536883,0.2212281300913909,Khoe-Kwadi,converged,-0.07677684716371758,-0.3465864808857401
snow_group,-7.399315657384432,0.026185962528583316,converged,-7.592352303651585,0.5465378234295709,Misumalpan,converged,-0.1930366462671529,-0.35279435579469753
dance_group,-7.065078338799527,0.02816842071509926,converged,-7.289489683427837,0.6196793779097899,Eastern Jebel,converged,-0.2244113446283098,-0.361767491445582
ice_group,-7.740709199312054,0.027783456402679194,converged,-7.99022521901548,0.677252273035415,Mailuan,converged,-0.2495160197034263,-0.3681144125954841
snow_group,-7.399315657384432,0.026185962528583316,converged,-7.561230404339571,0.4286758271651375,Saharan,converged,-0.16191474695513897,-0.3770063299751637
wind_group,-5.921646013282238,0.013282826759515063,converged,-6.0373178588108285,0.2975311901509253,South Bougainville,converged,-0.11567184552859011,-0.3883853258486534
smell_group,-6.425135577446885,0.012791009615760345,converged,-6.580683089282611,0.39242150424981076,Caddoan,converged,-0.15554751183572613,-0.39616826818809436
smell_group,-6.425135577446885,0.012791009615760345,converged,-6.460952807664656,0.0894840668070115,Nuclear Trans New Guinea,converged,-0.035817230217770835,-0.39623622447350526
ice_group,-7.740709199312054,0.027783456402679194,converged,-7.90745055411476,0.4169998916595637,Central Sudanic,converged,-0.16674135480270635,-0.39897489211555714
smell_group,-6.425135577446885,0.012791009615760345,converged,-6.501154948021509,0.1868377859045227,Hmong-Mien,converged,-0.07601937057462393,-0.4059235053656243
snow_group,-7.399315657384432,0.026185962528583316,converged,-7.581547373709933,0.4353892661678928,Koiarian,converged,-0.18223171632550095,-0.4177939851355068
snow_group,-7.399315657384432,0.026185962528583316,converged,-7.553970903878322,0.3657813867097845,Khoe-Kwadi,converged,-0.15465524649389017,-0.4217285647583346
smell_group,-6.425135577446885,0.012791009615760345,converged,-6.531815765496625,0.24628380676152176,Central Sudanic,converged,-0.10668018804974011,-0.43257655771769177
rain_group,-6.4730328985387,0.017478542464112987,converged,-6.664180537179572,0.4379790442731756,isolate_tonk1249,converged,-0.1911476386408717,-0.4360839014358086
smell_group,-6.425135577446885,0.012791009615760345,converged,-6.463622105107098,0.08580891726694186,Algic,converged,-0.0384865276602131,-0.44361284484149727
smell_group,-6.425135577446885,0.012791009615760345,converged,-6.595562073742326,0.3808569546579093,isolate_tonk1249,converged,-0.17042649629544115,-0.44722949139435214
taste_group,-6.668174920373166,0.011424352868029524,converged,-6.780677636486394,0.2463303368795891,Kartvelian,converged,-0.11250271611322837,-0.45622443148037767
smell_group,-6.425135577446885,0.012791009615760345,converged,-6.592459150460777,0.36405314840899766,Mirndi,converged,-0.167323573013892,-0.45932961001165684
wind_group,-5.921646013282238,0.013282826759515063,converged,-6.079447081166159,0.3261451067328773,Tupian,converged,-0.1578010678839208,-0.48343622967421396
wind_group,-5.921646013282238,0.013282826759515063,converged,-6.074522937239196,0.31159283446286623,Cariban,converged,-0.15287692395695718,-0.49018523869402975
dance_group,-7.065078338799527,0.02816842071509926,converged,-7.385800495536083,0.6533618702721966,Abkhaz-Adyge,converged,-0.32072215673655613,-0.4904242464739789
ice_group,-7.740709199312054,0.027783456402679194,converged,-8.07791149564738,0.6772467154499172,Surmic,converged,-0.3372022963353256,-0.49748325698026963
snow_group,-7.399315657384432,0.026185962528583316,converged,-7.674056193009271,0.546533658309913,Nyulnyulan,converged,-0.27474053562483913,-0.5021204477831743
dance_group,-7.065078338799527,0.02816842071509926,converged,-7.407049916705014,0.6713456648603314,isolate_savo1255,converged,-0.34197157790548705,-0.5089344797215345
smell_group,-6.425135577446885,0.012791009615760345,converged,-6.551354327698933,0.24678489157971126,Mongolic-Khitan,converged,-0.12621875025204776,-0.5107668971404865
smell_group,-6.425135577446885,0.012791009615760345,converged,-6.55633137312415,0.25011581735100064,Mangarrayi-Maran,converged,-0.13119579567726536,-0.5238555976473991
rain_group,-6.4730328985387,0.017478542464112987,converged,-6.713204946612509,0.4566280572278172,Dajuic,converged,-0.2401720480738092,-0.5255837701275232
rain_group,-6.4730328985387,0.017478542464112987,converged,-6.5991672539417765,0.23841035690662785,Cochimi-Yuman,converged,-0.12613435540307627,-0.5276479828790421
snow_group,-7.399315657384432,0.026185962528583316,converged,-7.689024967977007,0.5465329314260668,Tuu,converged,-0.289709310592575,-0.5294783365699707
smell_group,-6.425135577446885,0.012791009615760345,converged,-6.631470494635569,0.3862916906112395,West Bomberai,converged,-0.20633491718868413,-0.5338501959917747
smell_group,-6.425135577446885,0.012791009615760345,converged,-6.5950645189573995,0.31533723711351136,isolate_yama1264,converged,-0.16992894151051452,-0.5384372577673512
taste_group,-6.668174920373166,0.011424352868029524,converged,-6.862507692023388,0.3580240844346643,Eastern Jebel,converged,-0.1943327716502221,-0.5425163263741539
ice_group,-7.740709199312054,0.027783456402679194,converged,-7.985549924844799,0.4426537816839033,Arawakan,converged,-0.24484072553274494,-0.5520338411195996
snow_group,-7.399315657384432,0.026185962528583316,converged,-7.560690083099148,0.2898091023282437,Gunwinyguan,converged,-0.16137442571471627,-0.5545708714006289
rain_group,-6.4730328985387,0.017478542464112987,converged,-6.604953664503759,0.23165121999792213,Koreanic,converged,-0.13192076596505853,-0.5678659893500263
dance_group,-7.065078338799527,0.02816842071509926,converged,-7.316822932053191,0.43885828269229404,Mangarrayi-Maran,converged,-0.2517445932536644,-0.5724572851359631
dance_group,-7.065078338799527,0.02816842071509926,converged,-7.324049059851885,0.4514002903916982,Kru,converged,-0.25897072105235797,-0.5725914939549693
taste_group,-6.668174920373166,0.011424352868029524,converged,-6.7266958777234,0.09953280180099017,Uralic,converged,-0.058520957350234326,-0.5841213622516788
rain_group,-6.4730328985387,0.017478542464112987,converged,-6.7422262812419715,0.4495420891466047,Abkhaz-Adyge,converged,-0.2691933827032713,-0.5983647535201367
taste_group,-6.668174920373166,0.011424352868029524,converged,-6.896347949998266,0.38060849659641516,isolate_wara1303,converged,-0.22817302962510055,-0.599225486305429
wind_group,-5.921646013282238,0.013282826759515063,converged,-6.1243687661770965,0.33317688083462205,mixedlanguage_medi1245,converged,-0.20272275289485808,-0.6079708805470785
rain_group,-6.4730328985387,0.017478542464112987,converged,-6.749359195415133,0.4495413542762549,mixedlanguage_medi1245,converged,-0.27632629687643284,-0.6142208428111562
smell_group,-6.425135577446885,0.012791009615760345,converged,-6.467783963707862,0.0680023816111289,Pama-Nyungan,converged,-0.04264838626097678,-0.6163516073965151
wind_group,-5.921646013282238,0.013282826759515063,converged,-5.9476270742906365,0.03912270127310262,Sino-Tibetan,converged,-0.025981061008398143,-0.6288364024401413
smell_group,-6.425135577446885,0.012791009615760345,converged,-6.594181222173129,0.26689170362183545,Kartvelian,converged,-0.16904564472624362,-0.6326605020600885
taste_group,-6.668174920373166,0.011424352868029524,converged,-6.8618475877607485,0.30295013150864114,Maiduan,converged,-0.19367266738758282,-0.6388348639852295
taste_group,-6.668174920373166,0.011424352868029524,converged,-6.890081653630693,0.34688328040458144,Ijoid,converged,-0.2219067332575273,-0.6393691945675064
wind_group,-5.921646013282238,0.013282826759515063,converged,-6.137085422904544,0.3306589206021197,isolate_zuni1245,converged,-0.2154394096223058,-0.6510206739475722
snow_group,-7.399315657384432,0.026185962528583316,converged,-7.757488847247236,0.5465297420464826,isolate_tiwi1244,converged,-0.35817318986280444,-0.6546080571570352
rain_group,-6.4730328985387,0.017478542464112987,converged,-6.770638396034074,0.44953919285917704,Ta-Ne-Omotic,converged,-0.2976054974953737,-0.6615236375637922
dance_group,-7.065078338799527,0.02816842071509926,converged,-7.405689890036191,0.5039616447940118,Saharan,converged,-0.3406115512366643,-0.6748147198458095
dance_group,-7.065078338799527,0.02816842071509926,converged,-7.508747029746333,0.653353644777921,Surmic,converged,-0.44366869094680617,-0.678433382662676
rain_group,-6.4730328985387,0.017478542464112987,converged,-6.780171208713974,0.4495382393847266,West Bomberai,converged,-0.30713831017527404,-0.6827148160458323
taste_group,-6.668174920373166,0.011424352868029524,converged,-6.787708307966888,0.17458141977735864,Hmong-Mien,converged,-0.11953338759372212,-0.6832243300614174
ice_group,-7.740709199312054,0.027783456402679194,converged,-7.847853102550104,0.15037454051441299,Nilotic,converged,-0.10714390323805034,-0.7006548547199323
wind_group,-5.921646013282238,0.013282826759515063,converged,-6.156249962526157,0.33065640769387467,isolate_wara1303,converged,-0.23460394924391892,-0.7089379806203564
snow_group,-7.399315657384432,0.026185962528583316,converged,-7.788109067381548,0.5465283847583137,Baining,converged,-0.388793409997116,-0.7105722498809224
ice_group,-7.740709199312054,0.027783456402679194,converged,-8.196689568273065,0.6392487695873468,Misumalpan,converged,-0.45598036896101135,-0.7126338377094896
snow_group,-7.399315657384432,0.026185962528583316,converged,-7.499404292553268,0.1378019923869918,Nilotic,converged,-0.10008863516883615,-0.713553206488531
smell_group,-6.425135577446885,0.012791009615760345,converged,-6.698881021452032,0.3808457518407637,Miwok-Costanoan,converged,-0.2737454440051472,-0.7183779257674079
smell_group,-6.425135577446885,0.012791009615760345,converged,-6.603382812295825,0.24450055546274194,Otomanguean,converged,-0.17824723484894012,-0.7280303173958989
smell_group,-6.425135577446885,0.012791009615760345,converged,-6.548611047805917,0.1682673504217756,Wakashan,converged,-0.12347547035903172,-0.7316943035846437
rain_group,-6.4730328985387,0.017478542464112987,converged,-6.803263301213136,0.4495359670255299,isolate_zuni1245,converged,-0.3302304026744354,-0.7340482091242319
taste_group,-6.668174920373166,0.011424352868029524,converged,-6.687846893759337,0.024151801191040604,Austronesian,converged,-0.019671973386171437,-0.7362951639251559
rain_group,-6.4730328985387,0.017478542464112987,converged,-6.606518958480243,0.1801324910038698,Muskogean,converged,-0.13348605994154283,-0.7375796985934281
ice_group,-7.740709199312054,0.027783456402679194,converged,-8.244590747077442,0.6772374049592446,Mirndi,converged,-0.5038815477653884,-0.7433996643362738
taste_group,-6.668174920373166,0.011424352868029524,converged,-6.73213715721079,0.08494147581040504,Tai-Kadai,converged,-0.06396223683762425,-0.7462956115011508
rain_group,-6.4730328985387,0.017478542464112987,converged,-6.550305001444087,0.10190093251475486,Algic,converged,-0.07727210290538711,-0.7473914214998963
snow_group,-7.399315657384432,0.026185962528583316,converged,-7.694067224379585,0.3868622611907043,Eleman,converged,-0.2947515669951528,-0.7601637065017521
taste_group,-6.668174920373166,0.011424352868029524,converged,-6.85165875318482,0.2409591915340872,Mangarrayi-Maran,converged,-0.18348383281165415,-0.7606182291088947
snow_group,-7.399315657384432,0.026185962528583316,converged,-7.820871847862544,0.5465269777871887,South Bougainville,converged,-0.4215561904781122,-0.7704526167314378
dance_group,-7.065078338799527,0.02816842071509926,converged,-7.5830305920388605,0.6713328473082042,West Bomberai,converged,-0.5179522532393337,-0.770849981738864
snow_group,-7.399315657384432,0.026185962528583316,converged,-7.803084846933909,0.5204832589645132,isolate_sume1241,converged,-0.40376918954947705,-0.7747783310735848
rain_group,-6.4730328985387,0.017478542464112987,converged,-6.8082805597970175,0.42890776479168624,isolate_tuni1252,converged,-0.3352476612583173,-0.7809829235648544
rain_group,-6.4730328985387,0.017478542464112987,converged,-6.805390747608892,0.41848349922885886,isolate_yana1271,converged,-0.33235784907019195,-0.793504022884304
smell_group,-6.425135577446885,0.012791009615760345,converged,-6.74540939001167,0.3993500532154871,mixedlanguage_medi1245,converged,-0.3202738125647846,-0.8015765940597899
dance_group,-7.065078338799527,0.02816842071509926,converged,-7.623488152689414,0.6957265292125258,Dajuic,converged,-0.5584098138898872,-0.801971267350156
smell_group,-6.425135577446885,0.012791009615760345,converged,-6.7435007496181605,0.39240217245143977,isolate_wara1303,converged,-0.31836517217127547,-0.8108929835449674
rain_group,-6.4730328985387,0.017478542464112987,converged,-6.571761954390174,0.12018023880887918,Tai-Kadai,converged,-0.09872905585147418,-0.8129555474796913
smell_group,-6.425135577446885,0.012791009615760345,converged,-6.714225337704297,0.3549603721585226,Nyulnyulan,converged,-0.2890897602574123,-0.8139000027891862
wind_group,-5.921646013282238,0.013282826759515063,converged,-6.038926380004792,0.1419340663215304,Japonic,converged,-0.11728036672255371,-0.8227069422310899
rain_group,-6.4730328985387,0.017478542464112987,converged,-6.870747485726027,0.47453003180009024,isolate_savo1255,converged,-0.3977145871873269,-0.8375551505034647
wind_group,-5.921646013282238,0.013282826759515063,converged,-6.112550998072739,0.22596106813703465,Yam,converged,-0.19090498479050044,-0.8434019207577588
taste_group,-6.668174920373166,0.011424352868029524,converged,-6.801228986334538,0.15685233553712344,Wakashan,converged,-0.13305406596137193,-0.8460348452427462
dance_group,-7.065078338799527,0.02816842071509926,converged,-7.5974514315712,0.6285704594158686,Misumalpan,converged,-0.5323730927716728,-0.8461093269071405
smell_group,-6.425135577446885,0.012791009615760345,converged,-6.6487057182460285,0.2629296111848174,Yam,converged,-0.2235701407991435,-0.8492997588564392
ice_group,-7.740709199312054,0.027783456402679194,converged,-8.32106671883704,0.6772336255352464,Cariban,converged,-0.5803575195249859,-0.8562329594977057
dance_group,-7.065078338799527,0.02816842071509926,converged,-7.6141741811453265,0.6395280358266864,Cariban,converged,-0.5490958423457997,-0.8577637841665251
snow_group,-7.399315657384432,0.026185962528583316,converged,-7.740680246799833,0.38941219146092604,Central Sudanic,converged,-0.3413645894154014,-0.8746397815518991
snow_group,-7.399315657384432,0.026185962528583316,converged,-7.549406336642832,0.16191599635854326,Tai-Kadai,converged,-0.15009067925840025,-0.9150765946809113
wind_group,-5.921646013282238,0.013282826759515063,converged,-6.001530154560822,0.08610871481470017,Tai-Kadai,converged,-0.07988414127858334,-0.9168682816115183
smell_group,-6.425135577446885,0.012791009615760345,converged,-6.617848575272503,0.20755122436160822,Cochimi-Yuman,converged,-0.1927129978256179,-0.9267498766186284
ice_group,-7.740709199312054,0.027783456402679194,converged,-8.200022362137766,0.4933108800568137,Koiarian,converged,-0.4593131628257119,-0.9296093853286921
ice_group,-7.740709199312054,0.027783456402679194,converged,-8.193118172391415,0.4790408162456197,Yam,converged,-0.45240897307936123,-0.9428215092137241
ice_group,-7.740709199312054,0.027783456402679194,converged,-8.37991401168878,0.677230907830543,Ijoid,converged,-0.6392048123767253,-0.9430573438826522
smell_group,-6.425135577446885,0.012791009615760345,converged,-6.469011788919676,0.04469850062360974,Afro-Asiatic,converged,-0.043876211472791304,-0.9437237446234114
rain_group,-6.4730328985387,0.017478542464112987,converged,-6.926264849033162,0.4745239604060677,Caddoan,converged,-0.4532319504944615,-0.9544824784270117
taste_group,-6.668174920373166,0.011424352868029524,converged,-6.895458332990247,0.2377680991360266,Eleman,converged,-0.22728341261708085,-0.9548022175831556
smell_group,-6.425135577446885,0.012791009615760345,converged,-6.628993340093772,0.21066679782471048,Pidgin,converged,-0.20385776264688715,-0.9658998802969428
wind_group,-5.921646013282238,0.013282826759515063,converged,-6.1530945275322075,0.2375496579651161,Saharan,converged,-0.23144851424996915,-0.9727967580530774
wind_group,-5.921646013282238,0.013282826759515063,converged,-6.097605654788726,0.1795218461301686,Iroquoian,converged,-0.17595964150648769,-0.9774852822546017
taste_group,-6.668174920373166,0.011424352868029524,converged,-6.751614372657283,0.08435136510409219,Nuclear Trans New Guinea,converged,-0.08343945228411709,-0.9802395256666881
rain_group,-6.4730328985387,0.017478542464112987,converged,-6.606648829143643,0.1351256965218473,Athabaskan-Eyak-Tlingit,converged,-0.13361593060494314,-0.9806570583362447
ice_group,-7.740709199312054,0.027783456402679194,converged,-8.188111980555044,0.45163008811324035,Mangarrayi-Maran,converged,-0.4474027812429906,-0.9887706638326474
taste_group,-6.668174920373166,0.011424352868029524,converged,-7.000589942331679,0.3339010357418395,South Bougainville,converged,-0.33241502195851336,-0.9949673285275707
taste_group,-6.668174920373166,0.011424352868029524,converged,-6.99249846299305,0.3211683794831961,Sepik,converged,-0.32432354261988383,-1.0091857498689683
wind_group,-5.921646013282238,0.013282826759515063,converged,-6.047680031479943,0.12102272998301943,Uralic,converged,-0.12603401819770443,-1.0351914717712292
wind_group,-5.921646013282238,0.013282826759515063,converged,-6.171801526269383,0.24074146135516544,Koiarian,converged,-0.25015551298714467,-1.0375263643037504
rain_group,-6.4730328985387,0.017478542464112987,converged,-6.8950083723809685,0.39541636220177084,Maiduan,converged,-0.4219754738422683,-1.0661264162367055
ice_group,-7.740709199312054,0.027783456402679194,converged,-8.273205735479037,0.4918038835342142,Saharan,converged,-0.5324965361669829,-1.0810179895999699
rain_group,-6.4730328985387,0.017478542464112987,converged,-6.6367212989477595,0.14995220958364555,Siouan,converged,-0.1636884004090593,-1.0842630197828893
wind_group,-5.921646013282238,0.013282826759515063,converged,-6.098691277466405,0.1624908566393729,Koreanic,converged,-0.17704526418416666,-1.0859483729363621
dance_group,-7.065078338799527,0.02816842071509926,converged,-7.715118958994953,0.5961485015782478,Zaparoan,converged,-0.6500406201954263,-1.0891852991760462
taste_group,-6.668174920373166,0.011424352868029524,converged,-6.809400418648886,0.12893407575167218,Mayan,converged,-0.14122549827572062,-1.0910564668681135
snow_group,-7.399315657384432,0.026185962528583316,converged,-7.996548222242656,0.5465201716664009,Sepik,converged,-0.5972325648582242,-1.0915392064763632
dance_group,-7.065078338799527,0.02816842071509926,converged,-7.798928218749751,0.6713199115946794,Quechuan,converged,-0.733849879950224,-1.0921837759193525
smell_group,-6.425135577446885,0.012791009615760345,converged,-6.893283528877174,0.42728077837528494,Dajuic,converged,-0.4681479514302893,-1.0951541691662303
dance_group,-7.065078338799527,0.02816842071509926,converged,-7.724415241036903,0.6007410404583958,isolate_sume1241,converged,-0.6593369022373761,-1.0963347513796358
smell_group,-6.425135577446885,0.012791009615760345,converged,-6.860009081758933,0.3923901481349959,isolate_cayu1262,converged,-0.43487350431204774,-1.1076797929753837
dance_group,-7.065078338799527,0.02816842071509926,converged,-7.551687195342794,0.4378488216007759,Pidgin,converged,-0.4866088565432669,-1.109069967146686
rain_group,-6.4730328985387,0.017478542464112987,converged,-6.66134665829118,0.1664250834055168,Eskimo-Aleut,converged,-0.18831375975247955,-1.1253335432646414
ice_group,-7.740709199312054,0.027783456402679194,converged,-8.507356278240884,0.6772255427971254,Nyulnyulan,converged,-0.7666470789288304,-1.1310895380121297
rain_group,-6.4730328985387,0.017478542464112987,converged,-7.000528374029754,0.4648292281701532,isolate_fuyu1242,converged,-0.5274954754910537,-1.1340142173115297
dance_group,-7.065078338799527,0.02816842071509926,converged,-7.648407703444265,0.5135241847055343,Kartvelian,converged,-0.5833293646447384,-1.1342284877444044
rain_group,-6.4730328985387,0.017478542464112987,converged,-6.681000263311678,0.18206166786677452,Salishan,converged,-0.20796736477297806,-1.1370628406616865
rain_group,-6.4730328985387,0.017478542464112987,converged,-6.76352855172167,0.2480042287597775,Chibchan,converged,-0.2904956531829699,-1.1684352654295236
wind_group,-5.921646013282238,0.013282826759515063,converged,-6.300892935020864,0.3240807876970322,Nakh-Daghestanian,converged,-0.3792469217386252,-1.1692417293203756
dance_group,-7.065078338799527,0.02816842071509926,converged,-7.936033160450478,0.7307717031087386,Timor-Alor-Pantar,converged,-0.8709548216509511,-1.1909444549627708
dance_group,-7.065078338799527,0.02816842071509926,converged,-7.904259213328109,0.6957082814242004,Miwok-Costanoan,converged,-0.8391808745285818,-1.2052377232532212
rain_group,-6.4730328985387,0.017478542464112987,converged,-6.715224211453344,0.19997914620413929,Wakashan,converged,-0.24219131291464358,-1.206483399040543
taste_group,-6.668174920373166,0.011424352868029524,converged,-6.74663624121723,0.06338089603319905,Austroasiatic,converged,-0.0784613208440641,-1.2183003367845016
wind_group,-5.921646013282238,0.013282826759515063,converged,-6.317519137802272,0.32037779576034003,Ijoid,converged,-0.3958731245200333,-1.2345840761260412
rain_group,-6.4730328985387,0.017478542464112987,converged,-6.880670856301626,0.32822465230217035,Kartvelian,converged,-0.4076379577629261,-1.240190831101293
ice_group,-7.740709199312054,0.027783456402679194,converged,-8.621379843153283,0.6772212891021812,Baining,converged,-0.8806706438412295,-1.2993248461537013
dance_group,-7.065078338799527,0.02816842071509926,converged,-7.591037291502633,0.4033495277002145,Koreanic,converged,-0.5259589527031059,-1.3008098714515368
snow_group,-7.399315657384432,0.026185962528583316,converged,-7.652812164175221,0.19302606361089328,Mande,converged,-0.25349650679078906,-1.3013557651210519
wind_group,-5.921646013282238,0.013282826759515063,converged,-6.212947182015998,0.22013099403642025,Central Sudanic,converged,-0.2913011687337592,-1.3209057747397788
dance_group,-7.065078338799527,0.02816842071509926,converged,-8.04592835745442,0.7307648957598583,Tupian,converged,-0.980850018654893,-1.3412277276918856
ice_group,-7.740709199312054,0.027783456402679194,converged,-8.654134803858067,0.6772201541874004,South Bougainville,converged,-0.9134256045460134,-1.3476531516174493
rain_group,-6.4730328985387,0.017478542464112987,converged,-7.08124328587411,0.44951235926347494,Nakh-Daghestanian,converged,-0.6082103873354097,-1.3520231747762252
smell_group,-6.425135577446885,0.012791009615760345,converged,-6.920289761812479,0.36073795960402943,Baining,converged,-0.4951541843655942,-1.3717525283961711
snow_group,-7.399315657384432,0.026185962528583316,converged,-8.163551238900345,0.5465147209655683,Zaparoan,converged,-0.764235581515913,-1.396778156646972
ice_group,-7.740709199312054,0.027783456402679194,converged,-7.986623837300109,0.170613380501731,Tai-Kadai,converged,-0.24591463798805524,-1.42261680863483
wind_group,-5.921646013282238,0.013282826759515063,converged,-6.353422336567571,0.29880237268218923,isolate_sume1241,converged,-0.4317763232853329,-1.443597418999414
ice_group,-7.740709199312054,0.027783456402679194,converged,-8.419102820369593,0.46612676355352356,Eleman,converged,-0.6783936210575394,-1.4528059630450476
taste_group,-6.668174920373166,0.011424352868029524,converged,-6.978026239490853,0.21061049946482838,Chibchan,converged,-0.30985131911768704,-1.4690457912782249
taste_group,-6.668174920373166,0.011424352868029524,converged,-7.183617647333088,0.3468609946718185,Manubaran,converged,-0.5154427269599227,-1.4852156463771564
dance_group,-7.065078338799527,0.02816842071509926,converged,-7.632829265087408,0.37833767175974514,Japonic,converged,-0.5677509262878813,-1.496504004354451
smell_group,-6.425135577446885,0.012791009615760345,converged,-6.594945669951602,0.1116221474150567,Athabaskan-Eyak-Tlingit,converged,-0.1698100925047168,-1.5114029000081264
rain_group,-6.4730328985387,0.017478542464112987,converged,-7.0765969474174755,0.39668339160299076,isolate_klam1254,converged,-0.6035640488787752,-1.5200510628950805
rain_group,-6.4730328985387,0.017478542464112987,converged,-7.096199708617104,0.4083794454250825,isolate_sume1241,converged,-0.6231668100784038,-1.5245547626207159
smell_group,-6.425135577446885,0.012791009615760345,converged,-6.495225264686504,0.044137973023722445,Sino-Tibetan,converged,-0.07008968723961928,-1.5252138960628332
wind_group,-5.921646013282238,0.013282826759515063,converged,-6.380574936086782,0.2975085986880612,Zaparoan,converged,-0.4589289228045432,-1.5410384983804815
ice_group,-7.740709199312054,0.027783456402679194,converged,-8.829773350153314,0.6772146638874663,Sepik,converged,-1.08906415084126,-1.6068003859821374
rain_group,-6.4730328985387,0.017478542464112987,converged,-6.9081043830460676,0.2652974512936141,Pidgin,converged,-0.4350714845073673,-1.6363908565629872
smell_group,-6.425135577446885,0.012791009615760345,converged,-6.722095138026134,0.1797763785327125,Koreanic,converged,-0.296959560579249,-1.6476622880438654
taste_group,-6.668174920373166,0.011424352868029524,converged,-6.861025558769558,0.11576651450140822,Mande,converged,-0.1928506383963926,-1.6578057439548208
ice_group,-7.740709199312054,0.027783456402679194,converged,-8.1628066522097,0.24855389187094995,Mayan,converged,-0.42209745289764555,-1.687701941659817
ice_group,-7.740709199312054,0.027783456402679194,converged,-7.979892819122725,0.136530285789608,Dravidian,converged,-0.23918361981067093,-1.7166880257694415
ice_group,-7.740709199312054,0.027783456402679194,converged,-8.346710964810034,0.34807322752465486,Gunwinyguan,converged,-0.6060017654979806,-1.7354980793541024
smell_group,-6.425135577446885,0.012791009615760345,converged,-7.028631908511823,0.3438188722303731,Maiduan,converged,-0.6034963310649379,-1.7540605817075559
rain_group,-6.4730328985387,0.017478542464112987,converged,-6.991186739493271,0.2918443717295409,Sahaptian,converged,-0.5181538409545707,-1.7722701719842984
taste_group,-6.668174920373166,0.011424352868029524,converged,-6.85324616646956,0.10173719899366448,Athabaskan-Eyak-Tlingit,converged,-0.18507124609639458,-1.8077490321838623
taste_group,-6.668174920373166,0.011424352868029524,converged,-7.369702646109459,0.3805659950630556,isolate_atak1252,converged,-0.7015277257362929,-1.8425499202930173
wind_group,-5.921646013282238,0.013282826759515063,converged,-6.372184193230898,0.2429884623634009,Kartvelian,converged,-0.4505381799486594,-1.8513905198737486
ice_group,-7.740709199312054,0.027783456402679194,converged,-8.99674607150457,0.6772102666881611,Zaparoan,converged,-1.2560368721925155,-1.8531632060992984
wind_group,-5.921646013282238,0.013282826759515063,converged,-6.0694779103330685,0.07785241957319847,Nilotic,converged,-0.1478318970508301,-1.8718248687436048
wind_group,-5.921646013282238,0.013282826759515063,converged,-6.043034381736018,0.06286126219865129,Austroasiatic,converged,-0.12138836845377998,-1.8893338900353824
taste_group,-6.668174920373166,0.011424352868029524,converged,-6.832970911751857,0.08469474550968167,Turkic,converged,-0.16479599137869094,-1.9283004910704395
rain_group,-6.4730328985387,0.017478542464112987,converged,-6.960778585443446,0.25112784409611516,Iroquoian,converged,-0.48774568690474585,-1.937533443872243
ice_group,-7.740709199312054,0.027783456402679194,converged,-7.909168591287393,0.07955030793627141,Afro-Asiatic,converged,-0.16845939197533877,-1.9992209578035043
snow_group,-7.399315657384432,0.026185962528583316,converged,-7.692109113327213,0.14348788771406726,Nuclear Trans New Guinea,converged,-0.29279345594278094,-2.0073906813548845
wind_group,-5.921646013282238,0.013282826759515063,converged,-6.142364576787177,0.10752017109202192,Mande,converged,-0.22071856350493846,-2.0373231782978727
dance_group,-7.065078338799527,0.02816842071509926,converged,-8.088139474698698,0.4990135775389622,Mongolic-Khitan,converged,-1.0230611358991712,-2.04690839261728
wind_group,-5.921646013282238,0.013282826759515063,converged,-6.406117229805754,0.22242327736986867,Otomanguean,converged,-0.48447121652351566,-2.174276163514239
taste_group,-6.668174920373166,0.011424352868029524,converged,-7.440679939989175,0.34684618629182035,isolate_sume1241,converged,-0.772505019616009,-2.226019330088886
ice_group,-7.740709199312054,0.027783456402679194,converged,-8.266042062646337,0.22279450861766786,Mande,converged,-0.5253328633342829,-2.3398023794035394
dance_group,-7.065078338799527,0.02816842071509926,converged,-7.547181095013163,0.20213811528706954,Tai-Kadai,converged,-0.48210275621363596,-2.362191074166076
taste_group,-6.668174920373166,0.011424352868029524,converged,-6.942514958849879,0.11458918898319627,Siouan,converged,-0.27434003847671296,-2.3823074799139223
wind_group,-5.921646013282238,0.013282826759515063,converged,-6.164468494340446,0.09761662218881095,Turkic,converged,-0.2428224810582078,-2.464797887976413
taste_group,-6.668174920373166,0.011424352868029524,converged,-7.459622080952291,0.3185388792989721,isolate_yama1264,converged,-0.7914471605791249,-2.4830207170754734
snow_group,-7.399315657384432,0.026185962528583316,converged,-8.007707308725916,0.23370778310864845,Mayan,converged,-0.608391651341484,-2.5870267525710187
dance_group,-7.065078338799527,0.02816842071509926,converged,-8.768752160094706,0.6533086015410823,isolate_yama1264,converged,-1.7036738212951796,-2.60534213805715
smell_group,-6.425135577446885,0.012791009615760345,converged,-6.840183410129503,0.1564403472631938,Japonic,converged,-0.41504783268261836,-2.64425019343411
smell_group,-6.425135577446885,0.012791009615760345,converged,-6.834063833451424,0.14715977754424497,Uralic,converged,-0.40892825600453886,-2.7683667721629424
dance_group,-7.065078338799527,0.02816842071509926,converged,-8.149708698779271,0.3854548785467801,Hmong-Mien,converged,-1.0846303599797444,-2.8064133097056905
dance_group,-7.065078338799527,0.02816842071509926,converged,-7.764486063440653,0.23939167114053986,Uralic,converged,-0.6994077246411265,-2.901586426284829
ice_group,-7.740709199312054,0.027783456402679194,converged,-8.118085613828596,0.12501785734830909,Austroasiatic,converged,-0.3773764145165419,-2.9466902824967875
wind_group,-5.921646013282238,0.013282826759515063,converged,-6.017098106898096,0.029163457720040538,Atlantic-Congo,converged,-0.09545209361585805,-2.978603971157138
wind_group,-5.921646013282238,0.013282826759515063,converged,-6.135414142807382,0.07032497049480052,Dravidian,converged,-0.21376812952514346,-2.9869069122023046
rain_group,-6.4730328985387,0.017478542464112987,converged,-6.929126790662836,0.14503568091105706,Uralic,converged,-0.45609389212413554,-3.1221115662627894
ice_group,-7.740709199312054,0.027783456402679194,converged,-8.288162181185125,0.16555118161605686,Nuclear Trans New Guinea,converged,-0.5474529818730716,-3.261242979511623
smell_group,-6.425135577446885,0.012791009615760345,converged,-6.515290703456425,0.024368211658712276,Indo-European,converged,-0.0901551260095399,-3.275835884738402
snow_group,-7.399315657384432,0.026185962528583316,converged,-7.801517640304638,0.11627085141195329,Austroasiatic,converged,-0.40220198292020637,-3.3746556643987247
smell_group,-6.425135577446885,0.012791009615760345,converged,-6.753489576135426,0.09530642499420411,Turkic,converged,-0.32835399868854065,-3.414630002744339
ice_group,-7.740709199312054,0.027783456402679194,converged,-7.963038135355667,0.05760916313229232,Atlantic-Congo,converged,-0.22232893604361337,-3.476123971318989
snow_group,-7.399315657384432,0.026185962528583316,converged,-7.674751613221923,0.07337138566750508,Afro-Asiatic,converged,-0.2754359558374908,-3.5355724685334384
snow_group,-7.399315657384432,0.026185962528583316,converged,-7.611916215459593,0.05314186191583034,Atlantic-Congo,converged,-0.21260055807516132,-3.588604182025263
rain_group,-6.4730328985387,0.017478542464112987,converged,-6.91615065612052,0.11740486376108147,Turkic,converged,-0.4431177575818195,-3.7331280082173666
dance_group,-7.065078338799527,0.02816842071509926,converged,-7.774007617702534,0.1871373436215329,Turkic,converged,-0.7089292789030068,-3.746083352786131
snow_group,-7.399315657384432,0.026185962528583316,converged,-7.9430986916662665,0.13434144678396906,Dravidian,converged,-0.5437830342818346,-3.9729964227585377
taste_group,-6.668174920373166,0.011424352868029524,converged,-6.839331702906251,0.04063838695518441,Afro-Asiatic,converged,-0.1711567825330853,-4.054534074487775
dance_group,-7.065078338799527,0.02816842071509926,converged,-7.516579494107067,0.08776187466964891,Afro-Asiatic,converged,-0.45150115530754054,-4.898483729358933
wind_group,-5.921646013282238,0.013282826759515063,converged,-6.058129925189001,0.022903292627037306,Indo-European,converged,-0.13648391190676268,-5.154947166284988
dance_group,-7.065078338799527,0.02816842071509926,converged,-7.548795503589637,0.08728500824240501,Sino-Tibetan,converged,-0.48371716479010995,-5.273979581146897
wind_group,-5.921646013282238,0.013282826759515063,converged,-6.1729336167610684,0.04047521360801882,Afro-Asiatic,converged,-0.25128760347883006,-5.898905902410809
dance_group,-7.065078338799527,0.02816842071509926,converged,-7.431340547979819,0.04987040241874652,Indo-European,converged,-0.3662622091802925,-6.394711659642487
ice_group,-7.740709199312054,0.027783456402679194,converged,-8.110338880418384,0.04776417884976782,Austronesian,converged,-0.3696296811063302,-6.6892811692458425
snow_group,-7.399315657384432,0.026185962528583316,converged,-7.804485924426822,0.04379840458687363,Austronesian,converged,-0.40517026704239,-7.939929950996516
rain_group,-6.4730328985387,0.017478542464112987,converged,-6.790719542729866,0.028877651241198433,Indo-European,converged,-0.31768664419116543,-9.41146829037308
