word,estimate_set,se_set,convergence_set,estimate,se,family,convergence,delta,zeta
snow_group,-7.514546853436466,0.05816692401268827,converged,-5.708364619446391,0.17035581967834745,Algic,converged,1.806182233990075,10.033649552895962
ice_group,-7.830929029200971,0.05953138168644948,converged,-5.202966850298881,0.2642503085242029,Eskimo-Aleut,converged,2.6279621789020897,9.701822118013766
snow_group,-7.514546853436466,0.05816692401268827,converged,-5.082835137576144,0.24417297512612582,Eskimo-Aleut,converged,2.431711715860322,9.68787668094627
ice_group,-7.830929029200971,0.05953138168644948,converged,-6.221690809516422,0.1826271190347015,Algic,converged,1.6092382196845492,8.377739849016793
snow_group,-7.514546853436466,0.05816692401268827,converged,-5.9264117139564325,0.1813452483347412,Athabaskan-Eyak-Tlingit,converged,1.5881351394800332,8.339052919940189
ice_group,-7.830929029200971,0.05953138168644948,converged,-6.329145453412215,0.1938587982821584,Athabaskan-Eyak-Tlingit,converged,1.5017835757887559,7.405480422067515
snow_group,-7.514546853436466,0.05816692401268827,converged,-5.137158016572285,0.42493415783874455,Uralic,converged,2.3773888368641805,5.543032884095862
ice_group,-7.830929029200971,0.05953138168644948,converged,-7.1925829774199865,0.09957536205993145,Indo-European,converged,0.6383460517809842,5.502321188573817
snow_group,-7.514546853436466,0.05816692401268827,converged,-6.355855151439414,0.22198478324644882,Siouan,converged,1.1586917019970517,5.049226475406897
ice_group,-7.830929029200971,0.05953138168644948,converged,-6.651895213110359,0.22671519412837582,Siouan,converged,1.1790338160906115,5.029989225094144
taste_group,-6.76246144002359,0.02479070782095432,converged,-6.182869508192959,0.11767513707791935,Algic,converged,0.5795919318306311,4.8195656033399406
ice_group,-7.830929029200971,0.05953138168644948,converged,-5.660595841130839,0.46180725543038187,Uralic,converged,2.170333188070132,4.661082934413036
wind_group,-5.879603566609172,0.028356020974786535,converged,-5.3253947796218215,0.12659321234091347,Algic,converged,0.5542087869873509,4.2720130495889705
snow_group,-7.514546853436466,0.05816692401268827,converged,-7.079251002155361,0.09642594793868632,Indo-European,converged,0.43529585128110426,3.8654646563051185
rain_group,-6.286844142570082,0.02950868558877195,converged,-5.821202885951311,0.11742949542536928,Pama-Nyungan,converged,0.4656412566187713,3.8457213917362667
snow_group,-7.514546853436466,0.05816692401268827,converged,-5.851872626656067,0.4301787812100931,isolate_klam1254,converged,1.662674226780399,3.8302213486265813
snow_group,-7.514546853436466,0.05816692401268827,converged,-5.86045477542596,0.4285216525095514,isolate_yama1264,converged,1.654092078010506,3.8249203198120556
wind_group,-5.879603566609172,0.028356020974786535,converged,-5.69323478186473,0.03988267810821565,Austronesian,converged,0.18636878474444263,3.808450780167658
wind_group,-5.879603566609172,0.028356020974786535,converged,-4.770207807429093,0.3117520879251251,isolate_yama1264,converged,1.1093957591800798,3.5439535876360617
wind_group,-5.879603566609172,0.028356020974786535,converged,-5.283199118769031,0.1805214872933055,Eskimo-Aleut,converged,0.5964044478401416,3.2637673545973946
smell_group,-6.377803291425656,0.024332720187031035,converged,-6.235576640771685,0.037312727331608606,Austronesian,converged,0.14222665065397155,3.1928243747300566
dance_group,-6.866530925605697,0.05457648581004844,converged,-5.887487924738715,0.30830890545229767,Muskogean,converged,0.9790430008669819,3.1269121362886905
snow_group,-7.514546853436466,0.05816692401268827,converged,-6.185802885944701,0.4346862533672605,Sahaptian,converged,1.3287439674917643,3.029783154920877
snow_group,-7.514546853436466,0.05816692401268827,converged,-6.837354827918726,0.22449888817872193,Muskogean,converged,0.6771920255177397,2.920039665678229
rain_group,-6.286844142570082,0.02950868558877195,converged,-5.6014736421995215,0.23653606596451082,Khoe-Kwadi,converged,0.6853705003705608,2.87524272902557
rain_group,-6.286844142570082,0.02950868558877195,converged,-5.343740657859901,0.33315009283484043,Tuu,converged,0.9431034847101811,2.8198267974480973
rain_group,-6.286844142570082,0.02950868558877195,converged,-6.147838480572723,0.04236051525243311,Austronesian,converged,0.1390056619973592,2.6925858649707304
snow_group,-7.514546853436466,0.05816692401268827,converged,-6.629548254677963,0.33319189948336064,Iroquoian,converged,0.8849985987585027,2.6165505456097065
snow_group,-7.514546853436466,0.05816692401268827,converged,-6.361864830859243,0.4404104749183532,Maiduan,converged,1.1526820225772223,2.5947570524849906
smell_group,-6.377803291425656,0.024332720187031035,converged,-5.582913087300953,0.3125470882445726,Tuu,converged,0.7948902041247035,2.5355928140303443
dance_group,-6.866530925605697,0.05457648581004844,converged,-5.957547528153931,0.3617570373137882,Uto-Aztecan,converged,0.9089833974517658,2.4845745987768657
taste_group,-6.76246144002359,0.02479070782095432,converged,-6.0054632010175295,0.3047264585322677,Nyulnyulan,converged,0.7569982390060606,2.4760092205731072
taste_group,-6.76246144002359,0.02479070782095432,converged,-6.020583066817717,0.3072097421511202,isolate_yana1271,converged,0.7418783732058731,2.407067503119414
ice_group,-7.830929029200971,0.05953138168644948,converged,-6.958976476581627,0.36837962444964734,Iroquoian,converged,0.8719525526193435,2.3366792306191555
ice_group,-7.830929029200971,0.05953138168644948,converged,-7.04095128337822,0.3498772585791666,Salishan,converged,0.7899777458227506,2.2258804679521336
snow_group,-7.514546853436466,0.05816692401268827,converged,-6.796926244994095,0.32110083796029343,Salishan,converged,0.7176206084423704,2.1990861532020016
dance_group,-6.866530925605697,0.05457648581004844,converged,-5.515225515357479,0.6126897251223732,Sahaptian,converged,1.3513054102482176,2.1968313732668383
taste_group,-6.76246144002359,0.02479070782095432,converged,-6.14052140253689,0.29152019036675253,Uralic,converged,0.6219400374867003,2.1257646617831014
rain_group,-6.286844142570082,0.02950868558877195,converged,-5.570523505278458,0.3356994737380987,Koiarian,converged,0.7163206372916244,2.125618902894567
ice_group,-7.830929029200971,0.05953138168644948,converged,-7.304177344984216,0.2477896234784004,Muskogean,converged,0.5267516842167552,2.066985719320906
rain_group,-6.286844142570082,0.02950868558877195,converged,-5.799994930189976,0.24086007586453512,Gunwinyguan,converged,0.4868492123801067,2.006293983630789
rain_group,-6.286844142570082,0.02950868558877195,converged,-5.633172992095807,0.3274199964171708,Central Sudanic,converged,0.6536711504742749,1.9883712098427953
ice_group,-7.830929029200971,0.05953138168644948,converged,-6.93543973228637,0.4779623994339263,isolate_yama1264,converged,0.8954892969146009,1.8591903514414
wind_group,-5.879603566609172,0.028356020974786535,converged,-5.2782192640497945,0.32752753822632175,Chibchan,converged,0.6013843025593779,1.8292907170520418
snow_group,-7.514546853436466,0.05816692401268827,converged,-7.277275689937648,0.11862933753933265,Sino-Tibetan,converged,0.23727116349881783,1.7958444936063884
smell_group,-6.377803291425656,0.024332720187031035,converged,-6.0958580739276815,0.15514780721310079,Muskogean,converged,0.28194521749797463,1.7953224250953497
dance_group,-6.866530925605697,0.05457648581004844,converged,-5.757760120347484,0.6197506957511969,isolate_tiwi1244,converged,1.1087708052582128,1.7821624811369454
dance_group,-6.866530925605697,0.05457648581004844,converged,-5.755434895461651,0.6215547927724927,isolate_yana1271,converged,1.1110960301440462,1.780755933478024
rain_group,-6.286844142570082,0.02950868558877195,converged,-6.150502024808552,0.07066868836247003,Atlantic-Congo,converged,0.13634211776153027,1.7803380264576985
taste_group,-6.76246144002359,0.02479070782095432,converged,-6.370125590163478,0.21960589147814016,Gunwinyguan,converged,0.39233584986011216,1.775269400105983
rain_group,-6.286844142570082,0.02950868558877195,converged,-6.062774507789491,0.12353529312436663,Nuclear Trans New Guinea,converged,0.22406963478059172,1.7641784723943554
dance_group,-6.866530925605697,0.05457648581004844,converged,-6.698776612178842,0.07834771817153291,Austronesian,converged,0.16775431342685465,1.7569068046364065
dance_group,-6.866530925605697,0.05457648581004844,converged,-6.088590636703402,0.440045488874045,Salishan,converged,0.777940288902295,1.7544214819959725
dance_group,-6.866530925605697,0.05457648581004844,converged,-6.414983717746252,0.2522089564977464,Algic,converged,0.4515472078594449,1.7498681925272332
dance_group,-6.866530925605697,0.05457648581004844,converged,-5.793552597027629,0.6140547832922666,Central Sudanic,converged,1.0729783285780679,1.7405048083271841
wind_group,-5.879603566609172,0.028356020974786535,converged,-5.48094829613398,0.2286742415171459,Gunwinyguan,converged,0.3986552704751922,1.7300821271508517
dance_group,-6.866530925605697,0.05457648581004844,converged,-6.078543387670381,0.45941918621463196,Iroquoian,converged,0.7879875379353161,1.7032062028554051
taste_group,-6.76246144002359,0.02479070782095432,converged,-6.2693975745050405,0.29291456187349424,Otomanguean,converged,0.4930638655185495,1.677306108765491
wind_group,-5.879603566609172,0.028356020974786535,converged,-5.649628971728373,0.13579444832715404,Athabaskan-Eyak-Tlingit,converged,0.2299745948807992,1.6577917550470656
ice_group,-7.830929029200971,0.05953138168644948,converged,-7.032607553118832,0.4856882565023115,Sahaptian,converged,0.7983214760821387,1.6314813734188895
snow_group,-7.514546853436466,0.05816692401268827,converged,-6.7485164730437415,0.47232041786951795,isolate_yana1271,converged,0.7660303803927242,1.6096842115767553
dance_group,-6.866530925605697,0.05457648581004844,converged,-5.881069680865295,0.6163949461311832,Maiduan,converged,0.9854612447404021,1.5925195569633315
taste_group,-6.76246144002359,0.02479070782095432,converged,-6.301600202009199,0.29219361033672225,Central Sudanic,converged,0.46086123801439083,1.5715997546970768
ice_group,-7.830929029200971,0.05953138168644948,converged,-7.0638125361075055,0.48672494577533315,Otomanguean,converged,0.7671164930934653,1.5644197933400028
wind_group,-5.879603566609172,0.028356020974786535,converged,-5.703980460568168,0.11314944680757624,Pama-Nyungan,converged,0.17562310604100428,1.5055759744425206
rain_group,-6.286844142570082,0.02950868558877195,converged,-5.789762644699492,0.33240865456709995,Mangarrayi-Maran,converged,0.49708149787059064,1.4895351265926844
taste_group,-6.76246144002359,0.02479070782095432,converged,-6.535736624945211,0.1508453600674477,Muskogean,converged,0.22672481507837894,1.4831323373269882
dance_group,-6.866530925605697,0.05457648581004844,converged,-5.96040193880541,0.6220795010504455,Baining,converged,0.9061289868002866,1.451039244152374
ice_group,-7.830929029200971,0.05953138168644948,converged,-7.476511687381823,0.23896317725624927,Nilotic,converged,0.35441734181914786,1.4391594786538
wind_group,-5.879603566609172,0.028356020974786535,converged,-5.413340762035243,0.326107499750548,Tuu,converged,0.46626280457392966,1.4244078187876987
wind_group,-5.879603566609172,0.028356020974786535,converged,-5.42800408067632,0.31746730044114985,Sahaptian,converged,0.45159948593285204,1.4168664571256118
dance_group,-6.866530925605697,0.05457648581004844,converged,-5.9794501028652585,0.6239413238161111,Tuu,converged,0.8870808227404385,1.4163296594156156
smell_group,-6.377803291425656,0.024332720187031035,converged,-6.218771607645815,0.1100544659816971,Austroasiatic,converged,0.15903168377984134,1.4109521108037155
dance_group,-6.866530925605697,0.05457648581004844,converged,-6.242037671258139,0.4478817237721929,Wakashan,converged,0.6244932543475583,1.3840882755279065
dance_group,-6.866530925605697,0.05457648581004844,converged,-6.558158771343743,0.22091100768538768,Pama-Nyungan,converged,0.30837215426195375,1.3551676183625525
ice_group,-7.830929029200971,0.05953138168644948,converged,-7.428814145962022,0.2973191788363823,Uto-Aztecan,converged,0.40211488323894873,1.326146701780098
ice_group,-7.830929029200971,0.05953138168644948,converged,-7.176841029353661,0.49026229352939693,isolate_klam1254,converged,0.6540879998473095,1.3244308868498915
taste_group,-6.76246144002359,0.02479070782095432,converged,-6.372314756871563,0.2953333878869433,isolate_klam1254,converged,0.39014668315202705,1.3164085123025702
rain_group,-6.286844142570082,0.02950868558877195,converged,-5.840588213283249,0.3398459224458475,Manubaran,converged,0.4462559292868331,1.3081902899925866
smell_group,-6.377803291425656,0.024332720187031035,converged,-6.090986546544264,0.22229773287482554,Salishan,converged,0.2868167448813921,1.282576215901889
ice_group,-7.830929029200971,0.05953138168644948,converged,-7.16219566184913,0.5254527270040517,isolate_yana1271,converged,0.668733367351841,1.2645901964140922
dance_group,-6.866530925605697,0.05457648581004844,converged,-6.305367886850216,0.4431242157693822,Khoe-Kwadi,converged,0.5611630387554811,1.2568816237813774
smell_group,-6.377803291425656,0.024332720187031035,converged,-6.091412075141048,0.22671111537345226,Gunwinyguan,converged,0.28639121628460806,1.2560292082165179
smell_group,-6.377803291425656,0.024332720187031035,converged,-6.151881593456465,0.18549542219997744,Uto-Aztecan,converged,0.22592169796919137,1.207591352684929
snow_group,-7.514546853436466,0.05816692401268827,converged,-7.1100296816644715,0.33592833624428836,Wakashan,converged,0.4045171717719942,1.1865212759229005
taste_group,-6.76246144002359,0.02479070782095432,converged,-6.3946974087083746,0.317059066934524,isolate_tiwi1244,converged,0.3677640313152155,1.1563932897885563
dance_group,-6.866530925605697,0.05457648581004844,converged,-6.180983395556733,0.6322434515590426,Chibchan,converged,0.6855475300489644,1.0802920033507264
ice_group,-7.830929029200971,0.05953138168644948,converged,-7.415090301901855,0.38438354233614813,Cochimi-Yuman,converged,0.415838727299116,1.0690870913793002
taste_group,-6.76246144002359,0.02479070782095432,converged,-6.676673924789868,0.0770751376169015,Sino-Tibetan,converged,0.08578751523372219,1.0595771209522606
ice_group,-7.830929029200971,0.05953138168644948,converged,-7.434411436513129,0.371685502445726,Khoe-Kwadi,converged,0.39651759268784215,1.053383666938748
rain_group,-6.286844142570082,0.02950868558877195,converged,-6.027282932656695,0.24509787556756923,Tai-Kadai,converged,0.2595612099133877,1.051417667074707
wind_group,-5.879603566609172,0.028356020974786535,converged,-5.711656239743974,0.1573285389243636,Siouan,converged,0.16794732686519875,1.0505671719343852
taste_group,-6.76246144002359,0.02479070782095432,converged,-6.612850914062222,0.14522884493974256,Nilotic,converged,0.1496105259613678,1.0154821279883026
wind_group,-5.879603566609172,0.028356020974786535,converged,-5.669968465786481,0.20710111450183652,Mayan,converged,0.2096351008226911,1.0028787984169036
ice_group,-7.830929029200971,0.05953138168644948,converged,-7.367982640926298,0.5046259234636139,Maiduan,converged,0.4629463882746725,0.9110870870788292
taste_group,-6.76246144002359,0.02479070782095432,converged,-6.664425132515423,0.10818342659035723,Pama-Nyungan,converged,0.09803630750816694,0.8833091687141722
dance_group,-6.866530925605697,0.05457648581004844,converged,-6.7422095726847235,0.1310471359780866,Atlantic-Congo,converged,0.12432135292097346,0.8757643188892569
rain_group,-6.286844142570082,0.02950868558877195,converged,-6.147735138391548,0.15610882618305016,Nilotic,converged,0.13910900417853433,0.8755970750333892
taste_group,-6.76246144002359,0.02479070782095432,converged,-6.569789081732917,0.21879753335292504,Salishan,converged,0.19267235829067264,0.8749979301417022
taste_group,-6.76246144002359,0.02479070782095432,converged,-6.611356568987487,0.17957452431837467,Uto-Aztecan,converged,0.15110487103610293,0.8335548540258948
wind_group,-5.879603566609172,0.028356020974786535,converged,-5.686475789680778,0.2319993369671106,Khoe-Kwadi,converged,0.1931277769283941,0.8263005842626898
dance_group,-6.866530925605697,0.05457648581004844,converged,-6.349185077053612,0.6283140695724244,South Bougainville,converged,0.5173458485520852,0.8202985877273645
wind_group,-5.879603566609172,0.028356020974786535,converged,-5.610498449190733,0.3285593678003744,isolate_tiwi1244,converged,0.2691051174184391,0.8160122850397233
taste_group,-6.76246144002359,0.02479070782095432,converged,-6.708086878718156,0.06397979255558925,Atlantic-Congo,converged,0.05437456130543428,0.792460929608772
smell_group,-6.377803291425656,0.024332720187031035,converged,-6.237849078332021,0.17525836803880754,Eskimo-Aleut,converged,0.13995421309363554,0.7909722534813514
wind_group,-5.879603566609172,0.028356020974786535,converged,-5.702706289352998,0.228953013995581,Salishan,converged,0.17689727725617477,0.7667772928013873
dance_group,-6.866530925605697,0.05457648581004844,converged,-6.589381523543929,0.3582606505441347,Eskimo-Aleut,converged,0.2771494020617684,0.7647740681301907
ice_group,-7.830929029200971,0.05953138168644948,converged,-7.58945320365986,0.3194922620700503,Hmong-Mien,converged,0.24147582554111047,0.7430226207270159
snow_group,-7.514546853436466,0.05816692401268827,converged,-7.289379404916467,0.3067970307602085,Hmong-Mien,converged,0.22516744851999881,0.7210840800148628
snow_group,-7.514546853436466,0.05816692401268827,converged,-7.259690397067665,0.3495288803649988,Tai-Kadai,converged,0.2548564563688007,0.7192513054525105
taste_group,-6.76246144002359,0.02479070782095432,converged,-6.684073314988782,0.11189181383162532,Austroasiatic,converged,0.07838812503480774,0.6839838779597635
snow_group,-7.514546853436466,0.05816692401268827,converged,-7.1770888380828985,0.5087331864234022,Chibchan,converged,0.3374580153535671,0.659036289068809
ice_group,-7.830929029200971,0.05953138168644948,converged,-7.476509629976042,0.5436702530001,Tuu,converged,0.3544193992249287,0.6480280337809715
snow_group,-7.514546853436466,0.05816692401268827,converged,-7.283035766382851,0.35527896182684016,Cochimi-Yuman,converged,0.23151108705361434,0.6430701479471079
taste_group,-6.76246144002359,0.02479070782095432,converged,-6.567087066126946,0.3071707037099831,Zaparoan,converged,0.19537437389664447,0.6339835538449384
wind_group,-5.879603566609172,0.028356020974786535,converged,-5.77653853454317,0.16089900697225942,Muskogean,converged,0.10306503206600226,0.6308357173417523
smell_group,-6.377803291425656,0.024332720187031035,converged,-6.306609956553437,0.11098382567615948,Pama-Nyungan,converged,0.0711933348722189,0.6265919053049263
taste_group,-6.76246144002359,0.02479070782095432,converged,-6.558269410110445,0.3288696644597146,Tuu,converged,0.20419202991314478,0.6191338528523035
smell_group,-6.377803291425656,0.024332720187031035,converged,-6.182393732676023,0.31536311827586233,Zaparoan,converged,0.19540955874963295,0.6177972742339293
rain_group,-6.286844142570082,0.02950868558877195,converged,-6.090630415328388,0.34681303235220984,South Bougainville,converged,0.1962137272416946,0.5637253997338655
dance_group,-6.866530925605697,0.05457648581004844,converged,-6.511633047706431,0.6314783486729545,Manubaran,converged,0.3548978778992664,0.5599238598809927
dance_group,-6.866530925605697,0.05457648581004844,converged,-6.618008099324866,0.4539528675767148,Cochimi-Yuman,converged,0.24852282628083078,0.5435497865231637
wind_group,-5.879603566609172,0.028356020974786535,converged,-5.704782872578901,0.321600894780744,Uralic,converged,0.174820694030271,0.5414944033363701
rain_group,-6.286844142570082,0.02950868558877195,converged,-6.106002392706949,0.33519030858858934,Otomanguean,converged,0.1808417498631334,0.537440989185605
dance_group,-6.866530925605697,0.05457648581004844,converged,-6.669208649082433,0.36745009306549214,Mande,converged,0.19732227652326362,0.531177246843121
rain_group,-6.286844142570082,0.02950868558877195,converged,-6.120704054479314,0.3289015525766839,Dravidian,converged,0.16614008809076797,0.5031153729679827
dance_group,-6.866530925605697,0.05457648581004844,converged,-6.56077079372319,0.6229382406226608,Otomanguean,converged,0.30576013188250695,0.48896239545003484
smell_group,-6.377803291425656,0.024332720187031035,converged,-6.218381329368142,0.3260687627713839,Manubaran,converged,0.15942196205751458,0.48756559896468854
wind_group,-5.879603566609172,0.028356020974786535,converged,-5.719006690342039,0.33419515019608204,isolate_yana1271,converged,0.16059687626713348,0.4788276741534808
smell_group,-6.377803291425656,0.024332720187031035,converged,-6.222157520714653,0.32687960044511083,South Bougainville,converged,0.15564577071100327,0.4748424815015692
rain_group,-6.286844142570082,0.02950868558877195,converged,-6.122281678920787,0.35251778500770947,Nyulnyulan,converged,0.16456246364929505,0.4651933350493949
dance_group,-6.866530925605697,0.05457648581004844,converged,-6.590669090604072,0.6232527032745631,isolate_klam1254,converged,0.2758618350016251,0.4409290510614108
rain_group,-6.286844142570082,0.02950868558877195,converged,-6.1352188271477175,0.35014491278570026,isolate_tiwi1244,converged,0.1516253154223648,0.4315062441694659
wind_group,-5.879603566609172,0.028356020974786535,converged,-5.79766095228597,0.18918651487153884,Uto-Aztecan,converged,0.08194261432320271,0.42834664709885206
snow_group,-7.514546853436466,0.05816692401268827,converged,-7.311148336061533,0.4920598837351743,Manubaran,converged,0.20339851737493309,0.4105031031315018
smell_group,-6.377803291425656,0.024332720187031035,converged,-6.329570749516611,0.1235275898588051,Algic,converged,0.048232541909045246,0.3830979317010478
rain_group,-6.286844142570082,0.02950868558877195,converged,-6.2029488889700835,0.22135639259143952,Mayan,converged,0.08389525359999883,0.37568188475191516
ice_group,-7.830929029200971,0.05953138168644948,converged,-7.628886103052826,0.5436633472273001,Manubaran,converged,0.20204292614814445,0.36942425797705036
smell_group,-6.377803291425656,0.024332720187031035,converged,-6.309125037326343,0.19024706633707608,Mande,converged,0.06867825409931338,0.3580781330440764
rain_group,-6.286844142570082,0.02950868558877195,converged,-6.2091030793062965,0.22778316187984676,Hmong-Mien,converged,0.07774106326378583,0.3384658285239744
taste_group,-6.76246144002359,0.02479070782095432,converged,-6.678508648265881,0.33102199609657224,Koiarian,converged,0.0839527917577092,0.25290870226451734
dance_group,-6.866530925605697,0.05457648581004844,converged,-6.8042516979535455,0.2727702878937299,Athabaskan-Eyak-Tlingit,converged,0.06227922765215155,0.22388377332245954
wind_group,-5.879603566609172,0.028356020974786535,converged,-5.807392361867094,0.33511075010392066,Nyulnyulan,converged,0.07221120474207865,0.21471727813739264
dance_group,-6.866530925605697,0.05457648581004844,converged,-6.7326698763844535,0.6330191761609367,Sepik,converged,0.13386104922124353,0.21068286864053867
taste_group,-6.76246144002359,0.02479070782095432,converged,-6.708864060660415,0.3063009720677649,Sahaptian,converged,0.053597379363175435,0.17441240643707528
ice_group,-7.830929029200971,0.05953138168644948,converged,-7.730395852590295,0.5895233100369595,Chibchan,converged,0.10053317661067585,0.16967009292989615
ice_group,-7.830929029200971,0.05953138168644948,converged,-7.750890354356416,0.5619393347352242,isolate_tiwi1244,converged,0.08003867484455451,0.141640341261872
wind_group,-5.879603566609172,0.028356020974786535,converged,-5.833542439531277,0.32485659284117696,Mangarrayi-Maran,converged,0.04606112707789567,0.14125201978779503
smell_group,-6.377803291425656,0.024332720187031035,converged,-6.345358949294757,0.2337248866363472,Wakashan,converged,0.03244434213089953,0.1380680259203638
taste_group,-6.76246144002359,0.02479070782095432,converged,-6.721936087405463,0.29365782730639617,Dravidian,converged,0.040525352618127286,0.13751280606827448
dance_group,-6.866530925605697,0.05457648581004844,converged,-6.8310434209411355,0.2873738429054599,Nilotic,converged,0.03548750466456152,0.12132049979843879
snow_group,-7.514546853436466,0.05816692401268827,converged,-7.484948999046204,0.27720863892971925,Uto-Aztecan,converged,0.029597854390261524,0.10449540433335473
smell_group,-6.377803291425656,0.024332720187031035,converged,-6.349653077492542,0.3473477586239106,Chibchan,converged,0.02815021393311401,0.08084518787874369
rain_group,-6.286844142570082,0.02950868558877195,converged,-6.273014376334217,0.19955954729973527,Uto-Aztecan,converged,0.013829766235865293,0.06855600647470451
smell_group,-6.377803291425656,0.024332720187031035,converged,-6.369198155140132,0.14899484111097575,Nilotic,converged,0.008605136285524395,0.05699947818238806
rain_group,-6.286844142570082,0.02950868558877195,converged,-6.267770051518579,0.34680212696063767,Sepik,converged,0.01907409105150304,0.054801901189428855
dance_group,-6.866530925605697,0.05457648581004844,converged,-6.8649314949467195,0.2341926898044937,Nuclear Trans New Guinea,converged,0.0015994306589774965,0.006651327220710436
smell_group,-6.377803291425656,0.024332720187031035,converged,-6.378973781719726,0.3349153700108544,Koiarian,converged,-0.0011704902940694595,-0.0034856962499966535
dance_group,-6.866530925605697,0.05457648581004844,converged,-6.900946940203654,0.6450459074270267,Koiarian,converged,-0.034416014597956845,-0.05316441188733068
snow_group,-7.514546853436466,0.05816692401268827,converged,-7.546870431822469,0.35739766830920183,Khoe-Kwadi,converged,-0.03232357838600297,-0.08926696829587644
rain_group,-6.286844142570082,0.02950868558877195,converged,-6.29686217396833,0.08631427161177842,Sino-Tibetan,converged,-0.010018031398248084,-0.10982388920655853
dance_group,-6.866530925605697,0.05457648581004844,converged,-6.927787052675221,0.453939140458986,Gunwinyguan,converged,-0.06125612706952399,-0.13397862806853494
smell_group,-6.377803291425656,0.024332720187031035,converged,-6.421236759634885,0.3078996568025582,Dravidian,converged,-0.043433468209229,-0.14062526133978837
taste_group,-6.76246144002359,0.02479070782095432,converged,-6.816207865763623,0.36049144704539465,Chibchan,converged,-0.053746425740032855,-0.14874079901989873
wind_group,-5.879603566609172,0.028356020974786535,converged,-5.932271161110809,0.32377836439318436,isolate_klam1254,converged,-0.05266759450163683,-0.16204532100141472
smell_group,-6.377803291425656,0.024332720187031035,converged,-6.402059038560388,0.14709535091758974,Siouan,converged,-0.024255747134731998,-0.1626872382831675
taste_group,-6.76246144002359,0.02479070782095432,converged,-6.820085354723783,0.33851353371105936,Baining,converged,-0.057623914700193346,-0.16977167188208697
snow_group,-7.514546853436466,0.05816692401268827,converged,-7.556887288849563,0.2291545176129754,Nilotic,converged,-0.042340435413096955,-0.1790886756109829
smell_group,-6.377803291425656,0.024332720187031035,converged,-6.44730246607495,0.3285987520222565,Sepik,converged,-0.06949917464929367,-0.21092413950305866
wind_group,-5.879603566609172,0.028356020974786535,converged,-5.931242304475764,0.23757570943567105,Tai-Kadai,converged,-0.051638737866591455,-0.21582511323232514
wind_group,-5.879603566609172,0.028356020974786535,converged,-5.952609927562849,0.3267505846216532,Maiduan,converged,-0.07300636095367619,-0.22259484369399887
rain_group,-6.286844142570082,0.02950868558877195,converged,-6.368797687667964,0.3572820102735285,Baining,converged,-0.08195354509788189,-0.22860217769510874
taste_group,-6.76246144002359,0.02479070782095432,converged,-6.816794781620676,0.23502727742490784,Khoe-Kwadi,converged,-0.05433334159708636,-0.22990345326144088
dance_group,-6.866530925605697,0.05457648581004844,converged,-7.014498637557272,0.635738247509179,Mangarrayi-Maran,converged,-0.14796771195157543,-0.23189648134631544
ice_group,-7.830929029200971,0.05953138168644948,converged,-7.925986542652103,0.3950093189801594,Wakashan,converged,-0.095057513451132,-0.23795902976126562
dance_group,-6.866530925605697,0.05457648581004844,converged,-6.943949522222783,0.3145454253425659,Siouan,converged,-0.07741859661708617,-0.2425052189409025
taste_group,-6.76246144002359,0.02479070782095432,converged,-6.804437736738791,0.16948799119613225,Eskimo-Aleut,converged,-0.04197629671520087,-0.24505775679837621
taste_group,-6.76246144002359,0.02479070782095432,converged,-6.82677322770879,0.2455852506137852,Cochimi-Yuman,converged,-0.06431178768519974,-0.26054741788869423
wind_group,-5.879603566609172,0.028356020974786535,converged,-5.939281251486974,0.21500912484046342,Hmong-Mien,converged,-0.05967768487780134,-0.27517608221851114
snow_group,-7.514546853436466,0.05816692401268827,converged,-7.66474438932008,0.5353276347025783,Nyulnyulan,converged,-0.15019753588361429,-0.2789295078442506
wind_group,-5.879603566609172,0.028356020974786535,converged,-5.9752404401759955,0.33509828476690134,Manubaran,converged,-0.09563687356682316,-0.284383118973122
ice_group,-7.830929029200971,0.05953138168644948,converged,-7.982763643277147,0.5072130189874556,Dravidian,converged,-0.1518346140761766,-0.2973099721818771
smell_group,-6.377803291425656,0.024332720187031035,converged,-6.473947344472821,0.3170542035752164,Central Sudanic,converged,-0.09614405304716467,-0.3023525727123401
snow_group,-7.514546853436466,0.05816692401268827,converged,-7.679838954929886,0.5353268800774466,Tuu,converged,-0.16529210149342077,-0.3069618185300963
smell_group,-6.377803291425656,0.024332720187031035,converged,-6.490942573640727,0.3473353254989625,isolate_yana1271,converged,-0.11313928221507119,-0.324938643988732
snow_group,-7.514546853436466,0.05816692401268827,converged,-7.673124233230908,0.4840063395815457,Otomanguean,converged,-0.1585773797944423,-0.325294271048586
dance_group,-6.866530925605697,0.05457648581004844,converged,-7.0815981846197795,0.6564831759089753,Nyulnyulan,converged,-0.21506725901408252,-0.3264788693749607
ice_group,-7.830929029200971,0.05953138168644948,converged,-7.897274281709822,0.18649840521882097,Pama-Nyungan,converged,-0.06634525250885126,-0.33889498352725655
rain_group,-6.286844142570082,0.02950868558877195,converged,-6.362966594596451,0.205178610851872,Mande,converged,-0.07612245202636903,-0.36722735121145916
smell_group,-6.377803291425656,0.024332720187031035,converged,-6.467321092118708,0.23972798114409707,Tai-Kadai,converged,-0.08951780069305215,-0.3715052500804324
wind_group,-5.879603566609172,0.028356020974786535,converged,-5.925125499560582,0.1185599912517584,Nuclear Trans New Guinea,converged,-0.04552193295140938,-0.37342506540487513
smell_group,-6.377803291425656,0.024332720187031035,converged,-6.511694975431355,0.31952170750927006,isolate_klam1254,converged,-0.1338916840056985,-0.4178280158167634
smell_group,-6.377803291425656,0.024332720187031035,converged,-6.52157602130637,0.3419515201856789,isolate_tiwi1244,converged,-0.14377272988071343,-0.4193872526673805
snow_group,-7.514546853436466,0.05816692401268827,converged,-7.748854581274352,0.5353235712181509,isolate_tiwi1244,converged,-0.23430772783788623,-0.43513250154164157
smell_group,-6.377803291425656,0.024332720187031035,converged,-6.521591744355293,0.3200683923670647,Sahaptian,converged,-0.1437884529296367,-0.4479502847854639
ice_group,-7.830929029200971,0.05953138168644948,converged,-7.922727099401189,0.19119641432169496,Austroasiatic,converged,-0.09179807020021791,-0.4584173764673315
snow_group,-7.514546853436466,0.05816692401268827,converged,-7.761908262565084,0.5353229706504105,Koiarian,converged,-0.2473614091286187,-0.4593749812549824
ice_group,-7.830929029200971,0.05953138168644948,converged,-8.090526553133595,0.5366328017317437,Central Sudanic,converged,-0.2595975239326238,-0.48080314499487437
taste_group,-6.76246144002359,0.02479070782095432,converged,-6.92033736127197,0.3214892213291144,Maiduan,converged,-0.15787592124837957,-0.48962331225897987
snow_group,-7.514546853436466,0.05816692401268827,converged,-7.779709511835797,0.5353221641902585,Baining,converged,-0.2651626583993316,-0.4924344222662988
smell_group,-6.377803291425656,0.024332720187031035,converged,-6.5038343079708865,0.2370206923797264,Khoe-Kwadi,converged,-0.1260310165452303,-0.5289499595800512
taste_group,-6.76246144002359,0.02479070782095432,converged,-6.9017579496163135,0.25635949536336644,Iroquoian,converged,-0.13929650959272344,-0.5408410163582994
wind_group,-5.879603566609172,0.028356020974786535,converged,-6.063423793270894,0.3333072437698363,Sepik,converged,-0.18382022666172126,-0.5495188023971231
snow_group,-7.514546853436466,0.05816692401268827,converged,-7.812808560245777,0.5353207023142488,South Bougainville,converged,-0.29826170680931163,-0.5539042660595647
ice_group,-7.830929029200971,0.05953138168644948,converged,-8.179580143450861,0.6093691174474675,Koiarian,converged,-0.3486511142498907,-0.5694400227470084
wind_group,-5.879603566609172,0.028356020974786535,converged,-6.078197855783713,0.33951362500033816,Baining,converged,-0.19859428917454025,-0.5829081038587179
rain_group,-6.286844142570082,0.02950868558877195,converged,-6.512580955985497,0.378640087624751,Chibchan,converged,-0.22573681341541452,-0.5943755286390124
smell_group,-6.377803291425656,0.024332720187031035,converged,-6.5778230795374615,0.32685827417483765,Mangarrayi-Maran,converged,-0.20001978811180532,-0.6102578624476367
ice_group,-7.830929029200971,0.05953138168644948,converged,-8.022957685182357,0.3055834895972847,Mayan,converged,-0.1920286559813862,-0.6168045478593572
ice_group,-7.830929029200971,0.05953138168644948,converged,-8.095942124801422,0.4236568821285278,Tai-Kadai,converged,-0.26501309560045083,-0.6194513681962419
wind_group,-5.879603566609172,0.028356020974786535,converged,-6.090548648075523,0.33888458614597133,South Bougainville,converged,-0.21094508146635071,-0.6203010887296427
taste_group,-6.76246144002359,0.02479070782095432,converged,-6.899289808699124,0.2040128291043966,Hmong-Mien,converged,-0.13682836867553405,-0.6657876220169052
smell_group,-6.377803291425656,0.024332720187031035,converged,-6.454606351160214,0.11105836306854654,Nuclear Trans New Guinea,converged,-0.0768030597345577,-0.6755317300457042
taste_group,-6.76246144002359,0.02479070782095432,converged,-6.894959166674598,0.18504714212591092,Mayan,converged,-0.13249772665100767,-0.7096811567527923
smell_group,-6.377803291425656,0.024332720187031035,converged,-6.608769119011613,0.31751011303294463,isolate_yama1264,converged,-0.23096582758595652,-0.7253014952220603
smell_group,-6.377803291425656,0.024332720187031035,converged,-6.56323065112997,0.24670748741178047,Cochimi-Yuman,converged,-0.18542735970431412,-0.7479788497137123
taste_group,-6.76246144002359,0.02479070782095432,converged,-7.0101095657017,0.3268209842150294,Mangarrayi-Maran,converged,-0.24764812567810957,-0.7555779258639002
snow_group,-7.514546853436466,0.05816692401268827,converged,-7.880421433549784,0.47227960569366073,Dravidian,converged,-0.3658745801133181,-0.7688894374234035
taste_group,-6.76246144002359,0.02479070782095432,converged,-6.8519194040664955,0.11271573085565484,Nuclear Trans New Guinea,converged,-0.0894579640429054,-0.7751333659910334
rain_group,-6.286844142570082,0.02950868558877195,converged,-6.489005137735653,0.24747366075340593,Salishan,converged,-0.2021609951655705,-0.8111528609931091
taste_group,-6.76246144002359,0.02479070782095432,converged,-6.79990771630786,0.03830509987210781,Austronesian,converged,-0.03744627628427022,-0.8206970839537536
rain_group,-6.286844142570082,0.02950868558877195,converged,-6.591501617340447,0.3516632271545289,Zaparoan,converged,-0.304657474770365,-0.8632990528314407
snow_group,-7.514546853436466,0.05816692401268827,converged,-7.9631525857411205,0.5160933364590835,Mangarrayi-Maran,converged,-0.44860573230465484,-0.8637649660417472
snow_group,-7.514546853436466,0.05816692401268827,converged,-7.98964567771797,0.5353136613452764,Sepik,converged,-0.4750988242815044,-0.8823213992917801
rain_group,-6.286844142570082,0.02950868558877195,converged,-6.591749158749915,0.3417558917493011,isolate_yama1264,converged,-0.30490501617983234,-0.8888646942629344
taste_group,-6.76246144002359,0.02479070782095432,converged,-7.075015248933569,0.34140676767706263,Sepik,converged,-0.3125538089099793,-0.9130839820836482
taste_group,-6.76246144002359,0.02479070782095432,converged,-6.9447721831395,0.1979324530084364,Mande,converged,-0.18231074311591033,-0.9139349317755284
taste_group,-6.76246144002359,0.02479070782095432,converged,-6.991382392055908,0.24876680721849445,Tai-Kadai,converged,-0.22892095203231833,-0.9156874447492758
rain_group,-6.286844142570082,0.02950868558877195,converged,-6.408011380051096,0.12813131553995286,Austroasiatic,converged,-0.12116723748101332,-0.9215265426540422
smell_group,-6.377803291425656,0.024332720187031035,converged,-6.562882616024734,0.19849312320146567,Hmong-Mien,converged,-0.18507932459907828,-0.9254937907150927
taste_group,-6.76246144002359,0.02479070782095432,converged,-7.100671961308471,0.3559032581230389,South Bougainville,converged,-0.33821052128488116,-0.9479907854475375
smell_group,-6.377803291425656,0.024332720187031035,converged,-6.487355936073402,0.11155157005159962,Afro-Asiatic,converged,-0.10955264464774572,-0.959518725132688
ice_group,-7.830929029200971,0.05953138168644948,converged,-8.019037368077031,0.18545039447063733,Afro-Asiatic,converged,-0.18810833887606027,-0.9657911667622896
wind_group,-5.879603566609172,0.028356020974786535,converged,-6.219496555770949,0.3447133040887334,Koiarian,converged,-0.33989298916177635,-0.9826972676355897
ice_group,-7.830929029200971,0.05953138168644948,converged,-8.498340286225467,0.6742915102883047,Nyulnyulan,converged,-0.6674112570244963,-0.9859611707501077
ice_group,-7.830929029200971,0.05953138168644948,converged,-8.427542182927828,0.5894954364997651,Mangarrayi-Maran,converged,-0.5966131537268575,-1.0069526373057496
smell_group,-6.377803291425656,0.024332720187031035,converged,-6.449319447893482,0.06539778047057844,Atlantic-Congo,converged,-0.07151615646782616,-1.0249117347165069
snow_group,-7.514546853436466,0.05816692401268827,converged,-7.907406102658443,0.3785496090383468,Gunwinyguan,converged,-0.3928592492219769,-1.0257624528628584
smell_group,-6.377803291425656,0.024332720187031035,converged,-6.750780318827726,0.3592441941269346,Nyulnyulan,converged,-0.3729770274020696,-1.0358536042889261
snow_group,-7.514546853436466,0.05816692401268827,converged,-7.844115450386321,0.30922091507369104,Mande,converged,-0.32956859694985496,-1.0474326524262856
snow_group,-7.514546853436466,0.05816692401268827,converged,-7.715702866164319,0.18230968506425435,Austroasiatic,converged,-0.20115601272785355,-1.0511691087667936
smell_group,-6.377803291425656,0.024332720187031035,converged,-6.470743186635842,0.082778672147661,Sino-Tibetan,converged,-0.09293989521018542,-1.0771783717070071
dance_group,-6.866530925605697,0.05457648581004844,converged,-7.55450816707435,0.6347576814554926,Dravidian,converged,-0.6879772414686531,-1.0798582134299564
wind_group,-5.879603566609172,0.028356020974786535,converged,-6.153291194011018,0.24814206728965235,Iroquoian,converged,-0.2736876274018458,-1.0958157264241981
wind_group,-5.879603566609172,0.028356020974786535,converged,-6.154919673321014,0.24478688917483718,Cochimi-Yuman,converged,-0.27531610671184126,-1.1172464516929257
smell_group,-6.377803291425656,0.024332720187031035,converged,-6.593228965979025,0.1893344912516447,Mayan,converged,-0.21542567455336847,-1.1285231622920613
ice_group,-7.830929029200971,0.05953138168644948,converged,-8.613275649173307,0.6742871694093533,Baining,converged,-0.7823466199723361,-1.1557616217336095
snow_group,-7.514546853436466,0.05816692401268827,converged,-8.15761023904176,0.5353080333173885,Zaparoan,converged,-0.643063385605295,-1.1942662303541929
smell_group,-6.377803291425656,0.024332720187031035,converged,-6.688727397283706,0.2578048533336136,Iroquoian,converged,-0.3109241058580494,-1.2007080951672853
ice_group,-7.830929029200971,0.05953138168644948,converged,-8.646366744900126,0.6742860093631516,South Bougainville,converged,-0.8154377156991552,-1.2046491945117188
taste_group,-6.76246144002359,0.02479070782095432,converged,-7.0670283095752975,0.24244673204429373,Wakashan,converged,-0.3045668695517074,-1.249705631468774
rain_group,-6.286844142570082,0.02950868558877195,converged,-6.732702148890911,0.3508679256935764,Sahaptian,converged,-0.4458580063208286,-1.266258557653747
smell_group,-6.377803291425656,0.024332720187031035,converged,-6.8043478237032415,0.32950852448547513,Otomanguean,converged,-0.4265445322775854,-1.2909719431002717
wind_group,-5.879603566609172,0.028356020974786535,converged,-6.191647615951898,0.23985813471753603,Wakashan,converged,-0.31204404934272567,-1.2919557035746958
rain_group,-6.286844142570082,0.02950868558877195,converged,-6.7952906553381895,0.3871452085753895,isolate_yana1271,converged,-0.5084465127681073,-1.3095240522805849
rain_group,-6.286844142570082,0.02950868558877195,converged,-6.759019859088963,0.3542535866379615,Uralic,converged,-0.4721757165188807,-1.3282746967589625
dance_group,-6.866530925605697,0.05457648581004844,converged,-7.4384160228517855,0.426391485360743,Mayan,converged,-0.5718850972460885,-1.3303672777071278
wind_group,-5.879603566609172,0.028356020974786535,converged,-6.047702110103133,0.12034241861817153,Austroasiatic,converged,-0.16809854349396058,-1.3596022841108335
dance_group,-6.866530925605697,0.05457648581004844,converged,-7.787499668057533,0.6673621469687232,Zaparoan,converged,-0.9209687424518362,-1.3754217968016742
taste_group,-6.76246144002359,0.02479070782095432,converged,-6.859683661139134,0.06469936760924697,Indo-European,converged,-0.09722222111554402,-1.4031960382397006
taste_group,-6.76246144002359,0.02479070782095432,converged,-6.946832969550689,0.12579655473917825,Athabaskan-Eyak-Tlingit,converged,-0.18437152952709912,-1.437975564725704
rain_group,-6.286844142570082,0.02950868558877195,converged,-6.492211519283519,0.1393297369788118,Algic,converged,-0.2053673767134363,-1.441981203152082
wind_group,-5.879603566609172,0.028356020974786535,converged,-6.361126606893198,0.3310073453503273,Central Sudanic,converged,-0.48152304028402604,-1.4494114757941525
taste_group,-6.76246144002359,0.02479070782095432,converged,-7.304142484843848,0.37118370125461775,Manubaran,converged,-0.5416810448202583,-1.456090177831342
ice_group,-7.830929029200971,0.05953138168644948,converged,-8.823165558637989,0.6742804218872204,Sepik,converged,-0.9922365294370179,-1.4658467976735523
rain_group,-6.286844142570082,0.02950868558877195,converged,-6.681540591670594,0.2670629838522868,Cochimi-Yuman,converged,-0.39469644910051205,-1.4689752268610874
smell_group,-6.377803291425656,0.024332720187031035,converged,-6.962153325783938,0.3655078332323068,Baining,converged,-0.5843500343582821,-1.5952036731179993
snow_group,-7.514546853436466,0.05816692401268827,converged,-7.806918117009765,0.1725837702364387,Afro-Asiatic,converged,-0.29237126357329934,-1.6053563469778602
snow_group,-7.514546853436466,0.05816692401268827,converged,-8.382724826205454,0.535301830349336,Central Sudanic,converged,-0.8681779727689882,-1.6123566237145053
dance_group,-6.866530925605697,0.05457648581004844,converged,-7.269138212095276,0.24048874285279315,Austroasiatic,converged,-0.40260728648957933,-1.6326078759779177
wind_group,-5.879603566609172,0.028356020974786535,converged,-6.435894567621471,0.3388645093879543,Zaparoan,converged,-0.5562910010122986,-1.6359149657104828
rain_group,-6.286844142570082,0.02950868558877195,converged,-6.889362655803565,0.36208663507376165,Maiduan,converged,-0.6025185132334832,-1.6585190230980233
rain_group,-6.286844142570082,0.02950868558877195,converged,-6.718636641093839,0.2584814944160203,Wakashan,converged,-0.4317924985237571,-1.6597163174546254
ice_group,-7.830929029200971,0.05953138168644948,converged,-8.623412306468852,0.46240169524954833,Gunwinyguan,converged,-0.7924832772678814,-1.6998123492349528
ice_group,-7.830929029200971,0.05953138168644948,converged,-8.991099502217706,0.6742759553904749,Zaparoan,converged,-1.160170473016735,-1.71394954757463
smell_group,-6.377803291425656,0.024332720187031035,converged,-6.590025539461518,0.12008261468143051,Athabaskan-Eyak-Tlingit,converged,-0.21222224803586176,-1.7320995677194753
rain_group,-6.286844142570082,0.02950868558877195,converged,-6.6378531430031416,0.19402670641657294,Eskimo-Aleut,converged,-0.35100900043305927,-1.788509779784663
ice_group,-7.830929029200971,0.05953138168644948,converged,-8.52088028978305,0.37401820473289493,Mande,converged,-0.6899512605820783,-1.8217675362475574
ice_group,-7.830929029200971,0.05953138168644948,converged,-8.104716619434782,0.136970910467668,Sino-Tibetan,converged,-0.2737875902338116,-1.8332111602048589
rain_group,-6.286844142570082,0.02950868558877195,converged,-6.62039282955072,0.17372455653194785,Muskogean,converged,-0.3335486869806381,-1.8928733256166475
rain_group,-6.286844142570082,0.02950868558877195,converged,-6.579713184310127,0.1502358931988004,Athabaskan-Eyak-Tlingit,converged,-0.2928690417400448,-1.912845832921994
rain_group,-6.286844142570082,0.02950868558877195,converged,-6.632214382461982,0.17425645055817018,Siouan,converged,-0.3453702398919001,-1.9541446009577121
smell_group,-6.377803291425656,0.024332720187031035,converged,-7.060359674777779,0.3472997541926505,Maiduan,converged,-0.6825563833521224,-1.960517572041041
snow_group,-7.514546853436466,0.05816692401268827,converged,-7.897798394259378,0.1833650913147848,Nuclear Trans New Guinea,converged,-0.38325154082291224,-1.9922643802789217
wind_group,-5.879603566609172,0.028356020974786535,converged,-6.05685355855416,0.0823306273975043,Sino-Tibetan,converged,-0.17724999194498725,-2.035555692828245
wind_group,-5.879603566609172,0.028356020974786535,converged,-6.292034713189188,0.19906147919190378,Mande,converged,-0.41243114658001545,-2.0511719777359505
rain_group,-6.286844142570082,0.02950868558877195,converged,-6.554115974856753,0.1254539916056002,Afro-Asiatic,converged,-0.26727183228667073,-2.0738404878231798
dance_group,-6.866530925605697,0.05457648581004844,converged,-7.921179318866526,0.5017107318178372,Tai-Kadai,converged,-1.0546483932608286,-2.089776442933795
taste_group,-6.76246144002359,0.02479070782095432,converged,-7.09878501613048,0.155264697826593,Siouan,converged,-0.33632357610689034,-2.139036016565053
rain_group,-6.286844142570082,0.02950868558877195,converged,-7.071955251427939,0.363469797621885,isolate_klam1254,converged,-0.7851111088578566,-2.1529613490159547
taste_group,-6.76246144002359,0.02479070782095432,converged,-7.540903386580929,0.33847703437828347,isolate_yama1264,converged,-0.7784419465573391,-2.293692930130146
snow_group,-7.514546853436466,0.05816692401268827,converged,-7.9528832651537424,0.18067071547871905,Pama-Nyungan,converged,-0.4383364117172768,-2.309424422513687
ice_group,-7.830929029200971,0.05953138168644948,converged,-8.137969892304419,0.1140459422705703,Atlantic-Congo,converged,-0.307040863103448,-2.3866630685162953
rain_group,-6.286844142570082,0.02950868558877195,converged,-6.9779653474200805,0.28692840717658435,Iroquoian,converged,-0.6911212048499982,-2.3960507773370687
snow_group,-7.514546853436466,0.05816692401268827,converged,-8.332281332316107,0.32066169627641483,Mayan,converged,-0.8177344788796415,-2.509198942606843
smell_group,-6.377803291425656,0.024332720187031035,converged,-7.3365906156284115,0.35921089101139353,Uralic,converged,-0.9587873242027554,-2.6630459519489245
wind_group,-5.879603566609172,0.028356020974786535,converged,-6.211034888905137,0.1192757359250582,Afro-Asiatic,converged,-0.3314313222959644,-2.7033545350893498
wind_group,-5.879603566609172,0.028356020974786535,converged,-6.785173127036429,0.3324686360567954,Dravidian,converged,-0.9055695604272564,-2.7139213941982336
dance_group,-6.866530925605697,0.05457648581004844,converged,-8.929440799998726,0.7315095781455769,isolate_yama1264,converged,-2.0629098743930294,-2.8122561172248397
wind_group,-5.879603566609172,0.028356020974786535,converged,-6.332435710497243,0.1551892336503553,Nilotic,converged,-0.45283214388807025,-2.87041257079751
ice_group,-7.830929029200971,0.05953138168644948,converged,-8.469646717436603,0.2073490246908607,Nuclear Trans New Guinea,converged,-0.6387176882356327,-2.9607854379429357
dance_group,-6.866530925605697,0.05457648581004844,converged,-8.348470869971859,0.4769816484017389,Hmong-Mien,converged,-1.4819399443661618,-3.086771483833093
dance_group,-6.866530925605697,0.05457648581004844,converged,-7.402231085093976,0.16473117082363148,Sino-Tibetan,converged,-0.5357001594882789,-3.086957796427703
wind_group,-5.879603566609172,0.028356020974786535,converged,-6.108744266636684,0.06815651258193799,Atlantic-Congo,converged,-0.22914070002751163,-3.1040515318983637
wind_group,-5.879603566609172,0.028356020974786535,converged,-6.120146759245852,0.07104525614597391,Indo-European,converged,-0.24054319263667967,-3.144559018931616
dance_group,-6.866530925605697,0.05457648581004844,converged,-9.82717433675971,0.9319046264983278,Uralic,converged,-2.9606434111540123,-3.171546904902553
snow_group,-7.514546853436466,0.05816692401268827,converged,-7.900906718691928,0.10498336926923883,Atlantic-Congo,converged,-0.3863598652554625,-3.2191180192530715
wind_group,-5.879603566609172,0.028356020974786535,converged,-7.0298403871850175,0.35449398957746275,Otomanguean,converged,-1.150236820575845,-3.2343976759761706
taste_group,-6.76246144002359,0.02479070782095432,converged,-7.147953161912417,0.11296485609058554,Afro-Asiatic,converged,-0.38549172188882697,-3.333172612164685
smell_group,-6.377803291425656,0.024332720187031035,converged,-6.616303436218229,0.06719795193799709,Indo-European,converged,-0.23850014479257275,-3.337169391105257
dance_group,-6.866530925605697,0.05457648581004844,converged,-7.395872010383014,0.1396454652367812,Indo-European,converged,-0.5293410847773172,-3.5305533164754808
dance_group,-6.866530925605697,0.05457648581004844,converged,-7.796156978298846,0.23980156698976274,Afro-Asiatic,converged,-0.9296260526931492,-3.7799864607424705
rain_group,-6.286844142570082,0.02950868558877195,converged,-6.6853450779826735,0.0746874184634167,Indo-European,converged,-0.39850093541259124,-4.9623119905516315
ice_group,-7.830929029200971,0.05953138168644948,converged,-8.333726893958687,0.06782073052178508,Austronesian,converged,-0.5027978647577163,-5.571655092962925
snow_group,-7.514546853436466,0.05816692401268827,converged,-8.090396935465204,0.0633002667865284,Austronesian,converged,-0.5758500820287384,-6.698506193508667
